:020000040800F2
:10400000001A002089410008DD6D0008216D0008BC
:10401000D96D00087D4C0008F9760008000000000A
:104020000000000000000000000000008D7100088A
:10403000A54C0008000000007D700008AD4100089C
:10404000A3410008A3410008A3410008A3410008C0
:10405000A3410008A3410008A3410008A3410008B0
:10406000A3410008A3410008A3410008A3410008A0
:10407000A3410008A3410008A3410008A341000890
:10408000A3410008A3410008A3410008A341000880
:10409000A3410008A3410008A3410008A341000870
:1040A000A3410008A3410008A3410008A341000860
:1040B000A1740008DD740008A3410008A3410008B2
:1040C000A3410008A3410008A3410008A341000840
:1040D000A34100087D750008A3410008A341000822
:1040E000A3410008A3410008A3410008000000000C
:1040F00000000000000000000000000000000000C0
:1041000000000000A3410008A341000800000000D7
:10411000A3410008A34100080000000000000000C7
:10412000A3410008A3410008A3410008A3410008DF
:10413000000000000000000000000000000000007F
:10414000000000000000000000000000A341000883
:104150000000000000000000A3410008A341000887
:10416000000000000000000000000000A341000863
:10417000DFF810D000F09CFC00F09AF800480047EF
:104180001DCD0008001A0020064880470648004759
:10419000FEE7FEE7FEE7FEE7FEE7FEE7FEE7FEE7F7
:1041A000FEE7FEE7CD7300087141000830B410B59A
:1041B0000348804730BCAE4630BC024800477047D9
:1041C0005DD20008917100082DE9F05F05460020DE
:1041D00092469B4688460646814640241BE0284678
:1041E00041464746224600F0ACFB53465A46C01AA9
:1041F000914110D311461846224600F093FB2D1A28
:1042000067EB01084F4622460120002100F08AFB9F
:1042100017EB00094E41201EA4F10104DFDC4846E3
:1042200031462A464346BDE8F09F2DE9F04100247F
:10423000061B254671F1000605DA01240027D0EBA4
:10424000070067EB0101161E73F1000605DA00276F
:10425000D2EB0702012567EB0303FFF7B5FF8646A4
:104260000E4617469C46AC4204D00025D0EB050E06
:1042700065EB010624B10020D2EB000760EB030CD4
:10428000704631463A466346BDE8F081D2B201E05D
:1042900000F8012B491EFBD270470022F6E710B54B
:1042A00013460A4604461946FFF7F0FF204610BDA4
:1042B0007CB507480090074801900546009C04E043
:1042C0002046016808448047241DAC42F8D17CBDDB
:1042D000B8100108BC100108F0B480EA0102D40F44
:1042E0004200B2EB410F02D20246084611464A0094
:1042F00042D0C30DDDB2C1F3C752AD1A202D35DA5D
:10430000C1F3160141F4000204B15242C5F1200686
:1043100002FA06F12A411044B3EBD05F23D0C4B1B6
:10432000012DA0EBC35009DCF0BC4FF0004202EAC3
:10433000C352DBB200F5000000F02EBB400000F1DC
:10434000807000EBC350A0F1807040EAD17049004A
:1043500009E0490841EAC071A0EBC35000F5000034
:10436000400800EBC350F0BC00F00DBB61420122DD
:1043700002EB4101001BF6E7F0BC704781F0004101
:10438000AAE780F00040A7E780EA010210B502F03A
:104390000043400022D04A001FD0010E01EB126101
:1043A000C0F35600C2F3560240F4000042F400028B
:1043B000A0FB022000047F39140400D0401C50EA06
:1043C000124001D44000491EC2B20C0604EBD010CA
:1043D000401C4008802A02D003E0002010BD20F0DD
:1043E0000100002900DA0020184310BD30B480EA33
:1043F000010202F0004530F0004221F0004013D0ED
:1044000090B1C30DD40DC2F31601C0F31600E41A27
:1044100041F4000140F400027D34914201D3641C58
:1044200000E04900002C02DA30BC002070474FF455
:1044300000000023914201D3891A034340084FEA48
:104440004101F7D151B1914202D14FF0004105E055
:1044500002D24FF0010101E06FF0010103EBC45003
:10446000284430BC00F08FBA2DE9FE4F804681EA27
:104470000300C00F0C46009021F0004123F00045DE
:10448000B8EB0200A94105D24046214690461C46A1
:104490000B46024623F00040104347D0270DC7F3D8
:1044A0000A00C3F30A510290401A019040286BDAC7
:1044B000C3F3130040F4801B0098924620B1002300
:1044C000D2EB030A63EB0B0B01985946C0F1400293
:1044D000504600F027FA06460D4650465946019AC6
:1044E00000F03FFA10EB08006141002487EA115206
:1044F00084EAE7731A4340D0009A62B3019A012A12
:104500004FEA075215DC001B61EB02014FF000423D
:1045100002EA0752CDE90042001C41F58011324603
:104520002B4600F076FA03B0BDE8F08F40462146F6
:10453000F9E7001B61EB0201001C41F58013001834
:104540005B412018A2F5001747EB030140EAD57044
:10455000B6196D4111E06D084FEA360645EAC0759F
:104560004FEA0752001B61EB0201001C41F580116C
:1045700049084FEA30000019514132462B4603B03A
:10458000BDE8F04F00F036BA009801224000002349
:10459000D0EB020263EBE073009821464FEAE0742F
:1045A000B8EB000061EB0401E9E783F000435BE74F
:1045B00081F0004158E72DE9FE4F81EA030404F041
:1045C000004421F0004100944FF0000B23F0004321
:1045D00050EA01045ED052EA03045BD0C3F30A54EC
:1045E000C1F30A552C44A4F2F3340194A0FB025405
:1045F000C1F3130141F48011C3F3130343F4801397
:1046000001FB024400FB034E840A970A44EA8154EA
:1046100047EA8357A4FB076802958D0A05FB0785C7
:104620004FEA932C04FB0C542705029D4FEA0658D1
:1046300047EA1637B5EB08056EEB070C870E920EAE
:1046400047EA811742EA8312A7FB0201B6EB0B018E
:1046500064EB00042B0D43EA0C335E1844EB1C5052
:10466000DA465146E7FB0201C5F313044FEA0B3368
:1046700043EA14534FEA0432019C43EA0603A4F1CF
:104680000C040294009CCDE900B400F0C2F903B020
:10469000BDE8F08F00200146F9E72DE9F04D81EAF1
:1046A000030404F0004B21F0004514464FF0000ACB
:1046B00023F0004150EA050220D054EA01021DD047
:1046C000C5F30A570246C5F31303C1F31300C1F340
:1046D0000A5640F4801543F48013A7EB0608101B1C
:1046E000D64608F2FD3873EB050002D308F1010845
:1046F00001E092185B41B8F1000F03DA0020014697
:10470000BDE8F08D00204FF48011064684460EE08F
:10471000171B73EB050705D3121B63EB0503064359
:104720004CEA010C49084FEA300092185B4150EA0C
:104730000107EDD152EA030012D082EA040083EAB5
:104740000501084305D0101BAB4106D2012200230E
:1047500006E000224FF0004302E06FF00102531028
:104760001AEB06004CEB085110EB0A0041EB0B0171
:10477000BDE8F04D00F03EB9002801DBC0F100407B
:10478000002901DBC1F10041814201D801207047BD
:1047900000207047002801DBC0F10040002901DB48
:1047A000C1F10041814201D20120704700207047D1
:1047B000002801DBC0F10040002901DBC1F100410C
:1047C000814201D30120704700207047002801DB9F
:1047D000C0F10040002901DBC1F10041814201D953
:1047E0000120704700207047002801DBC0F1004025
:1047F000002901DBC1F10041814201D10120704754
:1048000000207047C10F80EAE0700844CA07962371
:10481000002100F0C1B896230022114600F0BCB878
:104820000EB540F2334102910021CDE900110A4654
:104830000B4600F0EEF803B000BD00F0004220F09F
:104840000040C10DC0F3160040F400007F2901DADA
:1048500000207047962903DCC1F19601C84001E0B1
:1048600096398840002AF4D04042704720F000403A
:10487000C10DC0F3160040F400007F2901DA0020CA
:104880007047962903DCC1F19601C84070479639FC
:1048900088407047C1F30A5210B5C1F3130140F2CA
:1048A000FF3341F480119A4201DA002010BD40F23A
:1048B00033439A42A2F2334203DC524200F041F801
:1048C00010BD904010BD00F0004230F000400AD012
:1048D000C10D01F56071C0F3160042EA0151C20832
:1048E00040071143704700200146704701F0004324
:1048F00030B421F0004150EA010206D00A0DA2F5C1
:104900006072C1F31301002A02DC30BC0020704742
:10491000440F44EAC104C100E01830BC00EBC250AF
:1049200000F031B8202A04DB203A00FA02F100201E
:1049300070479140C2F1200320FA03F319439040DD
:104940007047202A04DB203A21FA02F00021704748
:1049500021FA02F3D040C2F12002914008431946E7
:104960007047202A06DBCB17203A41FA02F043EACF
:10497000E07306E041FA02F3D040C2F12002914018
:104980000843194670470029A8BF7047401C4900DA
:1049900008BF20F00100704710B4B0FA80FC00FAA4
:1049A0000CF050EA010404BF10BC704749B1CCF1CF
:1049B000200421FA04F411FA0CF118BF012121435B
:1049C0000843A3EB0C01CB1D4FEA00614FEA102016
:1049D00042BF002010BC704700EBC35010440029B8
:1049E000A4BF10BC7047401C490008BF20F0010064
:1049F00010BC704710B5141E73F1000408DA401C97
:104A000041F1000192185B411A4301D120F00100ED
:104A100010BD2DE9F04D92469B4611B1B1FA81F2DD
:104A200002E0B0FA80F220329046FFF77BFF0446A6
:104A30000F4640EA0A0041EA0B0153465A46084332
:104A400013D0114653EA010019D0C8F14002504674
:104A5000FFF777FF05460E46504659464246FFF798
:104A600061FF084305D0012004E020463946BDE837
:104A7000F08D0020054346EAE0762C4337430A9840
:104A80006305E40AA0EB08000022FD0A44EA47544B
:104A90000A3002D500200146E9E7010510196941F5
:104AA000DDE9084500196941BDE8F04DA2E70000C5
:104AB0001CB509480090094801900546009C06E095
:104AC000E06840F0010394E8070098471034AC42D6
:104AD000F6D3FFF751FB000098100108B810010849
:104AE00070B58C1810F8015B15F0070301D110F8B0
:104AF000013B2A1106D110F8012B03E010F8016BDD
:104B000001F8016B5B1EF9D12B0705D40023521E5F
:104B10000DD401F8013BFAE710F8013BCB1A921CC7
:104B200003E013F8015B01F8015B521EF9D5A142C5
:104B3000D8D3002070BD000080B582B041F2705023
:104B4000C2F20000019040F24731C2F200014FF47E
:104B50008062009208F042FC009A0198103040F206
:104B60004771C2F2000108F039FC019943F60000D8
:104B7000C4F20100086202B080BD000080B582B0BE
:104B80000190019800790146009140B1FFE700983B
:104B9000012826D0FFE70098022852D06BE0019848
:104BA000C06880470198407950B9FFE7019901201A
:104BB000087140F28021C2F20001052008705AE01D
:104BC0000198407901280AD1FFE701990120087175
:104BD00040F28021C2F20001642008704BE0FFE740
:104BE00049E001988068804740F28021C2F20001CC
:104BF000087801380870000610BBFFE70199022011
:104C000008710198407950B9FFE7019902200871B5
:104C100040F28021C2F20001052008702BE00198CB
:104C2000407901280AD1FFE701990220087140F27A
:104C30008021C2F20001642008701CE0FFE7FFE75A
:104C400019E00198C068804740F28021C2F200015B
:104C5000087801380870000660B9FFE70199002064
:104C60000871019A0221517140F28021C2F20001C3
:104C7000087000E0FFE702B080BD0000FFE7FEE73C
:104C800080B582B040F60040C4F2010001904FF4BC
:104C9000236107F063FC01984FF4E47107F054FCC2
:104CA00002B080BD7047000080B582B08DF807006B
:104CB0009DF80700014600910A2800F2AD81009995
:104CC000DFE811F00B0014006700BA00E2000A01EF
:104CD00032015A018B019601A00140F24131C2F22A
:104CE00000010F2008704870887096E141F2303062
:104CF000C2F2000090F80A0168B9FFE741F23030D3
:104D0000C2F20000406CFFF798FD40F28421C2F22D
:104D10000001088016E041F23030C2F2000090F845
:104D20000A0101280DD1FFE741F23030C2F2000044
:104D3000C06CFFF782FD40F28421C2F200010880BE
:104D4000FFE7FFE740F28420C2F20000018845F649
:104D50002942C0F28F22A1FB021240F24131C2F27D
:104D600000010A70038849F69A12C1F69912A3FB52
:104D700002C3A3FB02EC0CEB8C0CA3EB4C034B70BB
:104D80000088A0FB023202EB8202A0EB4200887096
:104D900043E141F23030C2F2000090F80A0168B9F4
:104DA000FFE741F23030C2F20000806DFFF745FDB1
:104DB00040F28421C2F20001088016E041F2303056
:104DC000C2F2000090F80A0101280DD1FFE741F27C
:104DD0003030C2F20000006EFFF72FFD40F2842158
:104DE000C2F200010880FFE7FFE740F28420C2F230
:104DF0000000018845F62942C0F28F22A1FB021271
:104E000040F24131C2F200010A70038849F69A1259
:104E1000C1F69912A3FB02C3A3FB02EC0CEB8C0CB2
:104E2000A3EB4C034B700088A0FB023202EB820222
:104E3000A0EB42008870F0E041F23030C2F2000096
:104E400090F80A0138B9FFE740F24131C2F200019F
:104E50000A20487010E041F23030C2F2000090F8B1
:104E60000A01012807D1FFE740F24131C2F20001F7
:104E70000C204870FFE7FFE740F24131C2F2000129
:104E80000F2008708870C8E041F23030C2F2000094
:104E900090F80C0101280BD1FFE740F24131C2F23A
:104EA000000113200870002048700E20887012E066
:104EB00041F23030C2F2000090F80C0150B9FFE727
:104EC00040F24131C2F20001002008700C2048700D
:104ED0008870FFE7FFE7A0E041F23030C2F2000047
:104EE00090F80E0101280BD1FFE740F24131C2F2E8
:104EF000000113200870002048700E20887012E016
:104F000041F23030C2F2000090F80E0150B9FFE7D4
:104F100040F24131C2F20001002008700C204870BC
:104F20008870FFE7FFE778E041F23030C2F200001E
:104F300090F8100158B9FFE740F24131C2F2000188
:104F400013200870002048700E20887013E041F292
:104F50003030C2F2000090F8100101280AD1FFE7BA
:104F600040F24131C2F20001002008700C2048706C
:104F70008870FFE7FFE750E041F23030C2F20000F6
:104F8000D0F88000FFF759FC014640F28220C2F2BF
:104F900000000180018845F62942C0F28F22A1FB62
:104FA000021240F24131C2F200010A70038849F650
:104FB0009A12C1F69912A3FB02C3A3FB02EC0CEBFD
:104FC0008C0CA3EB4C034B700088A0FB023202EB6D
:104FD0008202A0EB420088701FE040F24131C2F231
:104FE000000101200870002048700320887014E040
:104FF00040F24131C2F200010120087000224A70E3
:1050000088700AE040F24131C2F200010F200870BE
:1050100014224A70887000E0FFE741F23030C2F29B
:10502000000090F8160105F0F5FB02B080BD00000D
:1050300080B584B08DF80F008DF80E108DF80D201E
:105040009DF80E0001460291042800F21481029995
:10505000DFE811F005007500E800F800010141F2F9
:105060003030C2F20000016B406BFFF7BDFB50B166
:10507000FFE741F23030C2F20000816BC06BFFF7F6
:10508000B3FBA8BBFFE741F23030C2F2000090F85A
:105090000A0168B9FFE741F23030C2F20000006B4C
:1050A000FFF7CBFB40F28A21C2F20001088016E034
:1050B00041F23030C2F2000090F80A0101280DD10F
:1050C000FFE741F23030C2F20000806BFFF7B5FB22
:1050D00040F28A21C2F200010880FFE7FFE741F2B7
:1050E0003031C2F20001086B4863886BC863FFE788
:1050F00040F28A20C2F20000018845F62942C0F23F
:105100008F22A1FB021240F24431C2F200010A7068
:10511000038849F69A12C1F69912A3FB02C3A3FBB6
:1051200002EC0CEB8C0CA3EB4C034B700088A0FB47
:10513000023202EB8202A0EB420088709CE040F257
:105140000100C2F2000001780139017000780028E6
:1051500041DCFFE741F23030C2F2000090F80A0172
:1051600080B9FFE741F23031C2F200010869496DB0
:10517000FFF704F9FFF761FB40F28A21C2F2000158
:10518000088027E041F23030C2F2000090F80A01B6
:1051900001281ED1FFE741F23031C2F20001086957
:1051A000496DFFF7EBF80021C4F21011FFF7ECF89E
:1051B0000021C4F2A001FFF719F94FF08441FFF775
:1051C0008BF8FFF73AFB40F28A21C2F20001088017
:1051D000FFE7FFE7FFE740F28A20C2F20000018804
:1051E00045F62942C0F28F22A1FB021240F244315F
:1051F000C2F200010A70038849F69A12C1F69912A8
:10520000A3FB02C3A3FB02EC0CEB8C0CA3EB4C0343
:105210004B700088A0FB023202EB8202A0EB42003E
:10522000887029E040F24431C2F200010B2008707E
:105230001420487041F23030C2F2000090F80601AC
:10524000887019E040F24431C2F200010F2008706A
:105250004870887010E040F24431C2F200010A2028
:1052600008700D20487041F23030C2F2000090F812
:10527000E900887000E0FFE79DF80F00014601910A
:10528000042800F214810199DFE811F0050075008F
:10529000E800F800010141F23030C2F20000016A7A
:1052A000406AFFF7A1FA50B1FFE741F23030C2F295
:1052B0000000816AC06AFFF797FAA8BBFFE741F2D6
:1052C0003030C2F2000090F80A0168B9FFE741F2FD
:1052D0003030C2F20000006AFFF7AFFA40F28821D6
:1052E000C2F20001088016E041F23030C2F2000044
:1052F00090F80A0101280DD1FFE741F23030C2F2E7
:105300000000806AFFF799FA40F28821C2F200019A
:105310000880FFE7FFE741F23031C2F20001086A7E
:105320004862886AC862FFE740F28820C2F2000043
:10533000018845F62942C0F28F22A1FB021240F2F9
:105340003E31C2F200010A70038849F69A12C1F692
:105350009912A3FB02C3A3FB02EC0CEB8C0CA3EB96
:105360004C034B700088A0FB023202EB8202A0EBE0
:10537000420088709CE040F20000C2F20000017818
:10538000013901700078002841DCFFE741F230303C
:10539000C2F2000090F80A0180B9FFE741F2303113
:1053A000C2F200010868096CFEF7E8FFFFF745FA52
:1053B00040F28821C2F20001088027E041F230303B
:1053C000C2F2000090F80A0101281ED1FFE741F265
:1053D0003031C2F200010868096CFEF7CFFF0021EE
:1053E000C4F21011FEF7D0FF0021C4F2A001FEF7B5
:1053F000FDFF4FF08441FEF76FFFFFF71EFA40F20A
:105400008821C2F200010880FFE7FFE7FFE740F2D2
:105410008820C2F20000018845F62942C0F28F229E
:10542000A1FB021240F23E31C2F200010A70038871
:1054300049F69A12C1F69912A3FB02C3A3FB02EC30
:105440000CEB8C0CA3EB4C034B700088A0FB0232DE
:1054500002EB8202A0EB4200887029E040F23E316C
:10546000C2F200010B2008701420487041F2303065
:10547000C2F2000090F80401887019E040F23E3159
:10548000C2F200010F2008704870887010E040F2EE
:105490003E31C2F200010A2008700D20487041F22E
:1054A0003030C2F2000090F8E800887000E0FFE7BA
:1054B0009DF80D0001460091042800F2A480009997
:1054C000DFE801F003458788910041F23030C2F2F5
:1054D0000000D0F8B810D0F8BC00FFF785F9A8BBE1
:1054E000FFE741F23030C2F20000D0F8B810C0F847
:1054F000BC10D0F8B800FFF7A0F9014640F28620B2
:10550000C2F200000180018845F62942C0F28F22D4
:10551000A1FB021240F23B31C2F200010A70038883
:1055200049F69A12C1F69912A3FB02C3A3FB02EC3F
:105530000CEB8C0CA3EB4C034B700088A0FB0232ED
:1055400002EB8202A0EB42008870FFE75CE041F2D0
:105550003030C2F20000D0F8C410D0F8C800FFF715
:1055600043F9A8BBFFE741F23030C2F20000D0F8A7
:10557000C410C0F8C810D0F8C400FFF75EF90146A7
:1055800040F28620C2F200000180018845F62942DF
:10559000C0F28F22A1FB021240F23B31C2F20001A5
:1055A0000A70038849F69A12C1F69912A3FB02C346
:1055B000A3FB02EC0CEB8C0CA3EB4C034B700088B0
:1055C000A0FB023202EB8202A0EB42008870FFE7F0
:1055D0001AE019E040F23B31C2F200010F200870DE
:1055E0004870887010E040F23B31C2F200010A209E
:1055F00008700D20487041F23030C2F2000090F87F
:10560000E800887000E0FFE704F0FAFC04B080BD19
:1056100080B582B040F60040C4F2010001904FF422
:10562000036106F09BFF01984FF4727106F08CFF46
:1056300002B080BD80B586B004908DF80F100020B8
:105640008DF80E000498408E4FF6FE71884205DCFE
:10565000FFE70499488E01304886FFE79DF90F0067
:10566000033001460291062834D80299DFE801F0A0
:105670002B32143204322400049800F0F5F8049917
:1056800081F83400049890F834100120012908BFF3
:1056900009208DF80E001EE0049800F0E5F804994A
:1056A00081F83400049890F834100220012908BFD2
:1056B0000A208DF80E000EE003208DF80E000498ED
:1056C00000F0FCF807E004208DF80E00049800F0CC
:1056D000F5F800E0FFE7049890F82700B0FA80F0B2
:1056E00040098DF80D00049890F82D1000200190CD
:1056F00049B9FFE7049890F827000138B0FA80F024
:1057000040090190FFE7019800F001008DF80C00BE
:10571000049991F8270081F82D00049890F8300042
:1057200068B1FFE79DF80C0020B1FFE7049800F096
:10573000C5F8FFE79DF80E008DF817008FE004987C
:10574000408D012816DBFFE70499488D0138488514
:105750000498408D68B9FFE7049890F82C00012860
:1057600007D1FFE705208DF80E00049800F0A6F899
:10577000FFE7FFE79DF80D0000283FD0FFE7049901
:10578000088D013008850499088D098B884219D14C
:10579000FFE70498408D01280EDBFFE7049890F89E
:1057A0002C00012808D1FFE706208DF80E0004998F
:1057B000012081F8300004E00499012081F82C00D8
:1057C000FFE7FFE70499088D498B884215DBFFE767
:1057D0000499C88D0130C8850498C28DC18BB2FB75
:1057E000F1F000FB112038B9FFE704990020C885CB
:1057F00008208DF80E00FFE7FFE72BE09DF80C0076
:1058000038B3FFE70499088D098B88421DDBFFE759
:105810000499088D498B88420FDAFFE7049890F8C5
:105820002C00012808D1FFE70498408D20B9FFE73C
:105830000499888B4885FFE706E007208DF80E0065
:10584000049800F03BF8FFE7FFE704990020088583
:10585000FFE7FFE79DF80E008DF81700FFE79DF8C2
:10586000170006B080BD000082B000900099488EFD
:10587000098C884207DAFFE700990020488601205A
:105880008DF8070005E00099002048868DF8070094
:10589000FFE79DF8070002B07047000080B582B0B6
:1058A0000190ADF802100198BDF8021006F014FF47
:1058B0000138B0FA80F0400902B080BD81B000909C
:1058C00000990020088500994885009981F82C00EE
:1058D0000099C885009981F8300001B07047000038
:1058E00080B582B0019000208DF80300019908680E
:1058F0008988FFF7D3FF40F28C21C2F200010870C3
:10590000019988688989FFF7C9FF40F28D21C2F2A9
:105910000001087001990869898AFFF7BFFF0146F5
:1059200040F28E20C2F2000001700178019A82F8E4
:1059300027100078019981F826000198807DA8BB86
:10594000FFE740F28C20C2F200000078019991F844
:105950002410884229D0FFE740F28C20C2F20000D8
:10596000007888B9FFE740F28D20C2F2000000788D
:10597000012804D1FFE701208DF8030003E0FF2098
:105980008DF80300FFE7FFE740F28C20C2F2000031
:105990000078019981F8240040F28D20C2F20000C5
:1059A0000078019981F82500FFE7CBE040F28C20D8
:1059B000C2F200000078019991F82410884200F0AA
:1059C000C080FFE740F28C20C2F20000007801287E
:1059D00053D1FFE7019890F8250001280BD1FFE78C
:1059E00040F28D20C2F20000007820B9FFE70120CC
:1059F0008DF8030040E0019890F8250060B9FFE7BA
:105A000040F28D20C2F200000078012804D1FFE7A7
:105A1000FF208DF803002EE0019890F8250040F259
:105A20008D21C2F20001097888420BD1FFE740F2D4
:105A30008D20C2F20000007820B9FFE701208DF828
:105A4000030017E0019890F8250040F28D21C2F282
:105A50000001097888420CD1FFE740F28D20C2F2A4
:105A600000000078012804D1FFE7FF208DF8030033
:105A7000FFE7FFE7FFE7FFE752E0019890F8250016
:105A800001280BD1FFE740F28D20C2F20000007820
:105A900020B9FFE7FF208DF8030040E0019890F85F
:105AA000250060B9FFE740F28D20C2F200000078C7
:105AB000012804D1FFE701208DF803002EE00198B2
:105AC00090F8250040F28D21C2F200010978884249
:105AD0000BD1FFE740F28D20C2F20000007820B920
:105AE000FFE7FF208DF8030017E0019890F82500EC
:105AF00040F28D21C2F20001097888420CD1FFE703
:105B000040F28D20C2F200000078012804D1FFE7A6
:105B100001208DF80300FFE7FFE7FFE7FFE7FFE75E
:105B200040F28C20C2F200000078019981F8240034
:105B300040F28D20C2F200000078019981F8250022
:105B4000FFE7FFE740F28E20C2F200000078E8B9DC
:105B5000FFE79DF9030020B9FFE702208DF803005D
:105B600013E09DF90300012804D1FFE703208DF81D
:105B7000030009E09DF90300013020B9FFE7FD2093
:105B80008DF80300FFE7FFE7FFE7FFE79DF903005C
:105B900002B080BD80B586B041F20000C2F20000C4
:105BA00080690390FFE700F01BFA049004980399C2
:105BB00088422CD2FFE7EFF3108005900598029001
:105BC00072B641F20000C2F20000806901900198B3
:105BD000039988420ED1FFE7049841F20001C2F216
:105BE00000018861086901300861BFF35F8F0120FF
:105BF000009002E000200090FFE7029810B9FFE754
:105C000062B6FFE7009808B9FFE701E00CE0FFE7A4
:105C1000049A41F20000C2F20000183003A903F018
:105C200053F90028BFD0FFE7049806B080BD0000FC
:105C300080B58CB00A9009910892079307200590CF
:105C4000FFE70598002863D0FFE701F04DF80490C6
:105C5000049800F03F0140F68030C2F2000000EBF3
:105C60000110069004994FF4700000EA8130019011
:105C70000A9801990843099A4FF0805101EAD2012C
:105C80000843089A4FF0005101EA92010843079A2D
:105C90004FF0804101EA5201084340F00060039058
:105CA00006980C30039901F051F803909DF80F000D
:105CB0004007002827D5FFE7039880F000400390B5
:105CC000039800F000400290099820F000400299EB
:105CD000084306990860089820F00040029908439C
:105CE00006994860079820F00040029908430699F9
:105CF000886006980C30039901F0D2FC01F01CF882
:105D000001200B9009E0FFE705980138059098E71E
:105D100001F008F800200B90FFE70B980CB080BD55
:105D200087B00590049103920498FE2804D8FFE7F9
:105D30000398FF2803D3FFE70020069036E00020F9
:105D400002900190FFE7019803282CD8FFE70598FF
:105D50000199C840C007F0B1FFE704980090FFE741
:105D600000980399884215D8FFE7009901F00702CF
:105D7000012000FA02F3029800EBD10240F6807194
:105D8000C2F20001885C18438854FFE70098013094
:105D90000090E5E7FFE7029820300290FFE70198C6
:105DA00001300190CFE701200690FFE7069807B089
:105DB0007047000080B58AB00990089141F2000157
:105DC000C2F2000101910020087040F68070C2F21A
:105DD00000008021FEF761FA41F24000C0F60100A8
:105DE000182103F083FC01460198ADF81A10006AEF
:105DF00042F26B71CEF2A51188420FD0FFE741F25B
:105E00000001C2F2000142F26B70CEF2A5100862EE
:105E1000BDF81A0048800120C8611CE041F2000072
:105E2000C2F200004088BDF81A1088420AD0FFE78D
:105E3000BDF81A0041F20001C2F2000148800120C1
:105E4000C86107E041F20001C2F20001C8690130F7
:105E5000C861FFE7FFE741F20000C2F20000C0693D
:105E6000012812D1FFE741F20001C2F20001002037
:105E7000487048608860C86040F68030C2F2000018
:105E80004FF48061FEF709FA20E000200290FFE75E
:105E900002983F2819D8FFE7029940F68030C2F2F5
:105EA000000000EB011007900798C07B4007002816
:105EB00006D5FFE70799C86820F04060C860FFE793
:105EC000FFE7029801300290E2E7FFE741F20000AD
:105ED000C2F20000C069012817D1FFE700F088F87E
:105EE0000490049820B1FFE700F07EF8059002E0EE
:105EF00000200590FFE7059841F20001C2F2000181
:105F0000486100208861086116E000F071F8049093
:105F1000049820B1FFE700F067F8059002E0002048
:105F20000590FFE7059841F20001C2F200014861C7
:105F3000002088610861FFE7049838B3FFE70998FB
:105F40000021FE220092FFF7EBFE0F20EF22114608
:105F5000FFF7E6FE009A04201146FFF7E1FEFFF787
:105F600019FE0390039941F20000C2F20000436958
:105F7000C2694FF60070C0F20030FFF759FE089872
:105F800018B1FFE700F006F8FFE7FFE704980AB052
:105F900080BD000080B584B041F20000C2F2000074
:105FA000007818B1FFE70120039015E041F20001ED
:105FB000C2F20001012001900870FFF7EBFD029092
:105FC00002994FF60170C0F2003000231A46FFF725
:105FD0002FFE01980390FFE7039804B080BD0000F6
:105FE00080B506F069FA80BD80B507F0F5F880BD90
:105FF0000120704780B582B040F60040C4F2010035
:1060000001904FF4076106F0A9FA01984FF462710C
:1060100006F09AFA02B080BDB0B581B00090009948
:106020000020086000990023C4F2BE330B62009A7E
:106030000021C4F233419162009A1061009A136307
:10604000009A91630099A1F8900000990864009962
:1060500048640099C864009A012182F80011009AEE
:1060600082F80401009A82F8FC00009AC2F88000CD
:10607000009A82F80A01009A82F80C11009A82F8BC
:106080000E01009A82F81001009A82F81201009A1B
:1060900082F81401009A82F81301009A82F8E8004D
:1060A000009A82F8E900009AD066009A5067009A38
:1060B00040F2000EC4F2A03EC2F894E0009A40F212
:1060C000000CC4F2AF3CC2F898C0009AC2F89C30F1
:1060D000009C0022C4F22022C4F8AC20009C0022C4
:1060E000C4F24822C4F8B020009D0024C4F27024F9
:1060F000C5F8B440009CC4F8A0E0DDF800E0CEF89C
:10610000A4C0DDF800C0CCF8A830009BC3F8C800DC
:10611000009BC3F8C400009B83F81701009B98669E
:10612000009BD867009BC3F8B820009AC2F8BC0057
:10613000009AC2F8C000009AC2F8EC00009BFA2254
:10614000C3F8F020009AC2F8F400009A82F8F80030
:10615000009A82F8F900009A82F8FA00009A82F810
:10616000FB00009A82F81501009A82F81601009A45
:1061700082F81911009981F81A01009981F81B0120
:10618000009981F81C01009981F8180101B0B0BD97
:1061900080B586B040F2BC20C2F200000078014613
:1061A0000591032800F29E850599DFE811F00400AF
:1061B0003E01DB025E0541F23030C2F2000090F891
:1061C0001801C007002840F02781FFE74FF2004088
:1061D000C0F60100142103F09DFE4FF6FF718842C6
:1061E00031D0FFE74FF60040C0F60100142103F064
:1061F00091FE4FF6FF71884225D0FFE74FF226400F
:10620000C0F6010005F07EF840F29021C2F20001D4
:10621000049108804FF62640C0F6010005F072F8A0
:106220000246049840F29421C2F200010A800088DC
:106230000988884203DDFFE705F016FB02E005F060
:10624000E1FBFFE722E04FF20040C0F6010014211D
:1062500003F060FE4FF6FF71884203D0FFE705F0C0
:1062600003FB12E04FF60040C0F60100142103F0DA
:1062700051FE4FF6FF71884203D0FFE705F0C2FBE5
:1062800002E005F051FFFFE7FFE7FFE702F000FF44
:1062900041F23030C2F200000390012180F8181161
:1062A000006AFEF7CAFA0146039840F29222C2F24F
:1062B00000021180006BFEF7C0FA0146039840F21D
:1062C000BE22C2F200021180D0F8B800FEF7B5FA83
:1062D0000146039840F2B422C2F200021180D0F8C5
:1062E0009400FEF7AAFA0146039840F2A022C2F2F7
:1062F00000021180D0F8A000FEF79FFA0146039833
:1063000040F2A422C2F200021180D0F8AC00FEF7E5
:1063100094FA0146039840F2A222C2F200021180D0
:10632000D0F89800FEF789FA0146039840F2A622B9
:10633000C2F200021180D0F8A400FEF77EFA0146F6
:10634000039840F2AA22C2F200021180D0F8B000F5
:10635000FEF773FA0146039840F2A822C2F2000247
:106360001180D0F89C00FEF768FA0146039840F2CD
:10637000AC22C2F200021180D0F8A800FEF75DFA4C
:106380000146039840F2B022C2F200021180D0F818
:10639000B400FEF752FA0146039840F2AE22C2F270
:1063A0000002118090F80A1140F2BA22C2F20002F3
:1063B000117090F80C1140F2B922C2F20002117073
:1063C000006CFEF73AFA0146039840F29C22C2F2B2
:1063D00000021180406DFEF730FA0146039840F24A
:1063E000B622C2F20002118090F80E1140F2B222E1
:1063F000C2F20002117090F8101140F29E22C2F217
:1064000000021170D0F88000FEF717FA40F2B821B0
:10641000C2F20001087006E040F2BC21C2F20001A5
:1064200001200870FFE700F05DBC40F29220C2F24C
:1064300000000088FEF7E6F941F23031C2F20001B7
:10644000096AFEF7D1F9002800F03881FFE740F231
:10645000BE20C2F200000088FEF7D4F941F23031CC
:10646000C2F20001096BFEF7BFF9002800F0268197
:10647000FFE740F2B420C2F200000088FEF7C2F944
:1064800041F23031C2F20001D1F8B810FEF7ACF998
:10649000002800F01381FFE740F2A020C2F20000C4
:1064A0000088FEF7AFF941F23031C2F20001D1F8B5
:1064B0009410FEF799F9002800F00081FFE740F200
:1064C000A420C2F200000088FEF79CF941F23031AE
:1064D000C2F20001D1F8A010FEF786F9002800F002
:1064E000ED80FFE740F2A220C2F200000088FEF734
:1064F00089F941F23031C2F20001D1F8AC10FEF757
:1065000073F9002800F0DA80FFE740F2A620C2F21B
:1065100000000088FEF776F941F23031C2F2000146
:10652000D1F89810FEF760F9002800F0C780FFE767
:1065300040F2AA20C2F200000088FEF763F941F29F
:106540003031C2F20001D1F8A410FEF74DF9002855
:1065500000F0B480FFE740F2A820C2F200000088FB
:10656000FEF750F941F23031C2F20001D1F8B0101B
:10657000FEF73AF9002800F0A180FFE740F2AC20D6
:10658000C2F200000088FEF73DF941F23031C2F25C
:106590000001D1F89C10FEF727F9002800F08E804A
:1065A000FFE740F2B020C2F200000088FEF72AF9AF
:1065B00041F23031C2F20001D1F8A810FEF714F90F
:1065C00000287BD0FFE740F2AE20C2F20000008836
:1065D000FEF718F941F23031C2F20001D1F8B410DF
:1065E000FEF702F9002869D0FFE740F2BA20C2F2B4
:1065F0000000007841F23031C2F2000191F80A1136
:1066000088425BD1FFE740F2B920C2F20000007877
:1066100041F23031C2F2000191F80C1188424DD1A3
:10662000FFE740F29C20C2F200000088FEF7EAF883
:1066300041F23031C2F20001096CFEF7D5F8E8B33F
:10664000FFE740F2B620C2F200000088FEF7DAF859
:1066500041F23031C2F20001496DFEF7C5F868B36E
:10666000FFE740F2B220C2F20000007841F2303180
:10667000C2F2000191F80E1188421FD1FFE740F2EB
:106680009E20C2F20000007841F23031C2F20001D7
:1066900091F81011884211D1FFE740F2B820C2F200
:1066A00000000078FEF7AEF841F23031C2F200018E
:1066B000D1F88010FEF798F8C8B9FFE740F29620AD
:1066C000C2F20000018801310180008814280DDB2E
:1066D000FFE740F2BB21C2F200010120087040F246
:1066E0009621C2F2000100200880FFE706E040F298
:1066F0009621C2F2000100200880FFE740F2BB2093
:10670000C2F20000007801282BD1FFE740F2BB2144
:10671000C2F200010020087040F64E31C2F20001C2
:106720000120087004F0BCFD40F29820C2F2000085
:106730000078C00738B1FFE74FF20040C0F6010013
:1067400004F082FD06E04FF60040C0F6010004F0C0
:106750007BFDFFE740F2BC21C2F20001022008707D
:10676000FFE7BFE240F29820C2F200000078C007C5
:10677000002800F0DA80FFE741F23030C2F200007A
:106780000290006AFEF759F801464FF20040C0F649
:10679000010004F0C9FC0298D0F8B800FEF74DF8EB
:1067A00001464FF20240C0F6010004F0BDFC029821
:1067B000D0F89400FEF741F801464FF20440C0F6CD
:1067C000010004F0B1FC0298D0F8AC00FEF735F8F7
:1067D00001464FF20640C0F6010004F0A5FC029805
:1067E000D0F89800FEF729F801464FF20840C0F6AD
:1067F000010004F099FC0298D0F8B000FEF71DF8F3
:1068000001464FF20A40C0F6010004F08DFC0298E8
:10681000D0F89C00FEF711F801464FF20C40C0F68C
:10682000010004F081FC0298D0F8B400FEF705F8EE
:1068300001464FF20E40C0F6010004F075FC0298CC
:10684000006BFDF7FAFF01464FF21040C0F6010061
:1068500004F06AFC0298D0F8A000FDF7EEFF0146B4
:106860004FF21240C0F6010004F05EFC0298D0F82E
:10687000A400FDF7E2FF01464FF21440C0F601000C
:1068800004F052FC0298D0F8A800FDF7D6FF0146AC
:106890004FF21640C0F6010004F046FC029890F852
:1068A0000A114FF21840C0F6010004F03DFC0298B6
:1068B00090F80C114FF21A40C0F6010004F034FCBD
:1068C0000298006CFDF7B9FF01464FF21C40C0F67C
:1068D000010004F029FC0298406DFDF7AEFF01466F
:1068E0004FF21E40C0F6010004F01EFC029890F822
:1068F0000E114FF22040C0F6010004F015FC029882
:1069000090F810114FF22240C0F6010004F00CFC88
:106910000298D0F88000FDF790FF01464FF2244026
:10692000C0F6010004F000FCD8E041F23030C2F2C1
:1069300000000190006AFDF780FF01464FF600401D
:10694000C0F6010004F0F0FB0198D0F8B800FDF7A4
:1069500074FF01464FF60240C0F6010004F0E4FB6C
:106960000198D0F89400FDF768FF01464FF6044007
:10697000C0F6010004F0D8FB0198D0F8AC00FDF798
:106980005CFF01464FF60640C0F6010004F0CCFB68
:106990000198D0F89800FDF750FF01464FF60840E7
:1069A000C0F6010004F0C0FB0198D0F8B000FDF77C
:1069B00044FF01464FF60A40C0F6010004F0B4FB64
:1069C0000198D0F89C00FDF738FF01464FF60C40C7
:1069D000C0F6010004F0A8FB0198D0F8B400FDF760
:1069E0002CFF01464FF60E40C0F6010004F09CFB60
:1069F0000198006BFDF721FF01464FF61040C0F6ED
:106A0000010004F091FB0198D0F8A000FDF715FFFC
:106A100001464FF61240C0F6010004F085FB0198D4
:106A2000D0F8A400FDF709FF01464FF61440C0F668
:106A3000010004F079FB0198D0F8A800FDF7FDFEF5
:106A400001464FF61640C0F6010004F06DFB0198B8
:106A500090F80A114FF61840C0F6010004F064FBEC
:106A6000019890F80C114FF61A40C0F6010004F09E
:106A70005BFB0198006CFDF7E0FE01464FF61C4001
:106A8000C0F6010004F050FB0198406DFDF7D5FE03
:106A900001464FF61E40C0F6010004F045FB019888
:106AA00090F80E114FF62040C0F6010004F03CFBB8
:106AB000019890F810114FF62240C0F6010004F042
:106AC00033FB0198D0F88000FDF7B7FE01464FF682
:106AD0002440C0F6010004F027FBFFE741F230300C
:106AE000C2F200000090006AFDF7A7FE0146009880
:106AF00040F29222C2F200021180006BFDF79DFE6F
:106B00000146009840F2BE22C2F200021180D0F885
:106B1000B800FDF792FE0146009840F2B422C2F29E
:106B200000021180D0F89400FDF787FE014600981E
:106B300040F2A022C2F200021180D0F8A000FDF7BE
:106B40007CFE0146009840F2A422C2F200021180AD
:106B5000D0F8AC00FDF771FE0146009840F2A22289
:106B6000C2F200021180D0F89800FDF766FE0146DF
:106B7000009840F2A622C2F200021180D0F8A400D0
:106B8000FDF75BFE0146009840F2AA22C2F2000225
:106B90001180D0F8B000FDF750FE0146009840F299
:106BA000A822C2F200021180D0F89C00FDF745FE39
:106BB0000146009840F2AC22C2F200021180D0F8E7
:106BC000A800FDF73AFE0146009840F2B022C2F25A
:106BD00000021180D0F8B400FDF72FFE01460098A6
:106BE00040F2AE22C2F20002118090F80A1140F287
:106BF000BA22C2F20002117090F80C1140F2B922D0
:106C0000C2F200021170006CFDF717FE01460098F9
:106C100040F29C22C2F200021180406DFDF70DFE91
:106C20000146009840F2B622C2F20002118090F8AC
:106C30000E1140F2B222C2F20002117090F810114F
:106C400040F29E22C2F200021170D0F88000FDF7DF
:106C5000F4FD40F2B821C2F20001087040F2BC21FC
:106C6000C2F20001032008703CE040F29820C2F21A
:106C700000000078C00760B1FFE740F29A20C2F23E
:106C8000000001884FF22640C0F6010004F04CFAE3
:106C90000BE040F29A20C2F2000001884FF6264035
:106CA000C0F6010004F040FAFFE704F061FA40F298
:106CB0009A21C2F2000108880130088040F2982130
:106CC000C2F2000108780130087040F64E31C2F27D
:106CD00000010020087040F2BC21C2F20001012036
:106CE0000870FFE706B080BD80B541F20000C2F237
:106CF0000000043002F018F980BD000080B582B0B9
:106D000040F60040C4F20100019040F6480105F051
:106D100025FC01984FF46C7105F016FC02B080BDA3
:106D2000FFE7FEE780B541F20000C2F200000C3040
:106D300002F0FAF880BD000080B541F20000C2F216
:106D40000000083002F0F0F880BD000089B0079024
:106D50000691079800680590FFE79DF81700400727
:106D6000002803D5FFE70020089032E00698059937
:106D700001F00041084340F080600490FFE7079B6A
:106D8000049803900599DDF80CC053E8000F0845FE
:106D900003D143E800C2002AF7D10090401AB0FAAC
:106DA00080F04009BFF35F8F0146019118B9FFE7FA
:106DB00000980590FFE7019800F001008DF80B00A6
:106DC0009DF80B00C0070028C7D0FFE70498089083
:106DD000FFE7089809B07047FFE7FEE7704700003B
:106DE00088B0079006910592079800F0070004907C
:106DF0000498C0F10700052803D3FFE704200190A1
:106E000004E00498C0F107000190FFE701980390A7
:106E100004980430062803D8FFE70020009003E020
:106E2000049803380090FFE70098029006980399B1
:106E3000012202FA01F101390840029B98400599AC
:106E40009A40013A1140084308B0704788B0079053
:106E500006910592079800F0070004900498C0F18D
:106E60000700052803D3FFE70420019004E00498FD
:106E7000C0F107000190FFE70198039004980430E7
:106E8000062803D8FFE70020009003E004980338A9
:106E90000090FFE70098029006980399012202FAF9
:106EA00001F101390840029B984005999A40013A46
:106EB0001140084308B0704780B582B040F60040EA
:106EC000C4F2010001904FF4066105F047FB019800
:106ED0004FF4667105F038FB02B080BD81B00090C0
:106EE0000099002008620099C861009948610099E2
:106EF00008610099C86001B07047000081B000903F
:106F000000990020C86101B07047000084B0DDF82E
:106F100010C00390029101920093029803990860B7
:106F200001980399486000980399886003990020AC
:106F300008620399C861039948610399086103993C
:106F4000C86004980399486204980399886204B061
:106F50007047000080B588B00790069105920698AA
:106F60000599FDF70BFA07994861079840690021D8
:106F7000C4F2C821FDF72AFC98B9FFE707984069D9
:106F80000021CCF2C821FDF705FC50B9FFE70798B6
:106F9000416907980490C069FDF79EF90499C8619A
:106FA00003E007990020C861FFE70798C0694CF625
:106FB0000001C4F22F71FDF7EDFB38B9FFE7079927
:106FC0004CF60000C4F22F70C861FFE70798C06953
:106FD0000021FDF7FBFB20B9FFE707990020C861FE
:106FE000FFE70798406907990969FDF7C7F907990D
:106FF0008861079801680191406900900799486885
:10700000C969FDF7C1F90799496A00F0CBFC0099FD
:10701000024601980292FDF7B7F90299FDF75CF973
:107020000390079988688969FDF7AEF90399FDF720
:1070300053F907990862079840690799086107980A
:10704000006A0799896AFDF797FB28B9FFE7079857
:10705000806A07990862FFE70798006A0799896ABA
:1070600081F00041FDF7A4FB20B9FFE7079900205C
:107070000862FFE70798006A08B080BD704700000B
:1070800080B582B001900198411C002009F070F990
:10709000019981F80101019890F80101162872D137
:1070A000FFE701984078D12808D1FFE70198807D5B
:1070B000F02803D1FFE7012020B95FE0012000287C
:1070C0005CD1FFE70199481C01F5017101221023F1
:1070D00002F09AFA019800F50170042102F048FBD1
:1070E000009002F067FB0198807C9DF803108842B5
:1070F00043D1FFE70198C07C9DF8021088423CD143
:10710000FFE70198007D9DF80110884235D1FFE727
:107110000198407D9DF8001088422ED1FFE701982C
:107120008078012810D1FFE70198C07801280BD1A1
:10713000FFE70198407938B9FFE740F2D911C2F270
:1071400000010020087017E001988078022810D113
:10715000FFE70198C07801280BD1FFE7019840793B
:1071600038B9FFE740F2D911C2F2000101200870DE
:1071700001E000BFFFE7FFE7FFE7FFE7019900201D
:1071800081F80101FFE702B080BD000070470000F8
:1071900080B584B040F20400C2F2000001680139F9
:1071A00001600068B0F1FF3F18DCFFE740F2040126
:1071B000C2F200014FF47A70086041F23031C2F23D
:1071C000000191F8FA20012020EA020281F8FA2059
:1071D00091F8FB20904381F8FB00FFE741F2E45077
:1071E000C2F200000068804700F02AFA09F006FDAC
:1071F00041F23030C2F2000090F8FC0060B9FFE7C5
:1072000041F23030C2F20000039003F0ABFD03996D
:10721000012081F8190117E040F20800C2F20000D5
:10722000017801390170007868B9FFE740F2080180
:10723000C2F200010520087041F23030C2F20000B5
:1072400003F090FDFFE7FFE705F002FC06F056FBB8
:1072500006F096FB40F20C00C2F200000178013902
:107260000170007840BBFFE740F60040C4F2000028
:10727000029000220192114608F0F8F9642002F011
:1072800075FE02F075F906F0DBF941F23030C2F21A
:107290000000006FFDF7EAFA01990246029808F033
:1072A000E5F90298012108F02FFA40F20C01C2F230
:1072B00000010A200870FFE740F20A00C2F2000055
:1072C0000188013901800088A8B9FFE741F2E05147
:1072D000C2F20001086841F23032C2F20002C2F884
:1072E000C0000020086040F20A01C2F200014FF421
:1072F0007A700880FFE740F2C020C2F200000078F8
:10730000C00700285FD1FFE7102004F027F80146EE
:1073100040F2C820C2F2000001800088FDF780FA28
:107320004BF65202C8F21E5245F2EB13CCF20A039E
:10733000FDF741F9002200920023C3F63073FDF7F8
:107340003AF945F62942CCF28F2242F6F503C3F60C
:10735000F473FDF789F84EF23312CFF6972245F217
:107360007933CBF67173FDF798F9009A0023C4F2D4
:107370003903FDF779F8FDF7B9FA014641F23030EB
:10738000C2F20000C167C06F0021C4F24821FDF7BE
:107390001DFAB8B9FFE741F23030C2F20000C06F09
:1073A0000021FDF7E9F968B9FFE741F23031C2F297
:1073B0000001C86F086040F2C021C2F20001012044
:1073C0000870FFE7FFE704B080BD000041F21C0138
:1073D000C4F20201086840F08050086047F2500291
:1073E000C4F20002107840F004001070086820F029
:1073F0008050086041F20001C4F20201086840F0C8
:1074000001000860FFE741F20000C4F202000068DA
:10741000C0F34000012801D0FFE7F4E741F2040186
:10742000C4F20201086820F003000860FFE741F29F
:107430000400C4F2020000688008800708B1FFE77A
:10744000F5E741F20001C4F2020108684FF6FF724D
:10745000CFF6F2621040086041F20401C4F202016A
:107460000020086041F22C01C4F2020141F61070C4
:10747000086041F23001C4F202014FF4801008604C
:1074800041F20801C4F202014FF41F0008604EF6F9
:107490000851CEF200014FF0006008607047000014
:1074A00080B582B04FF08040022108F07BF990B1A6
:1074B000FFE741F2E050C2F20000019000684FF097
:1074C0007E51FCF709FF019908604FF080400221CE
:1074D00008F028F9FFE702B080BD000080B582B057
:1074E00040F20040C4F20000012108F025F9002814
:1074F00042D0FFE741F23030C2F2000090F81801AC
:10750000C00738B1FFE741F23030C2F2000000F0AE
:10751000BDFD06E041F23031C2F200010020886674
:10752000FFE741F23030C2F20000806E0021FDF72B
:107530004DF938B9FFE741F23031C2F200010020C5
:107540008866FFE741F23030C2F20000806EFDF73E
:107550008DF9024640F20040C4F200000090002184
:1075600008F084F800980121019108F0CDF8009806
:10757000019908F0D7F8FFE702B080BD80B582B06E
:1075800043F60C00C4F2010000684009C007F0B1E6
:10759000FFE743F60000C4F20100202108F0C6FD19
:1075A000A0B1FFE743F60000C4F2010008F084FD3B
:1075B000C1B241F27050C2F20000009005F078FFB5
:1075C00000990420087301204873FFE7FFE743F6A2
:1075D0000C00C4F2010000688009C00768B3FFE72F
:1075E00043F60000C4F20100402108F09FFD18B3EB
:1075F000FFE743F60000C4F20100402108F082FDDD
:1076000041F27050C2F2000010300DF1070105F098
:107610002BFF48B9FFE79DF8071043F60000C4F2BE
:10762000010008F051FD06E041F27051C2F2000184
:1076300000204877FFE7FFE7FFE702B080BD0000CA
:1076400041F27050C2F20000407B012817D1FFE7E1
:1076500041F27050C2F20000007B40B1FFE741F2FE
:107660007051C2F20001087B0138087306E041F254
:107670007051C2F2000102204873FFE7FFE741F2B8
:107680007050C2F20000007F40B1FFE741F270513C
:10769000C2F20001087F01380877FFE77047000059
:1076A00089B008900791079820F0806006900898AC
:1076B00001900699059105990291BFF35F8F0068CB
:1076C0000390FFE70399019BDDF808C053E8000F22
:1076D000084503D143E800C2002AF7D10090411ABF
:1076E000B1FA81F1490901290390EBD1FFE7009834
:1076F000049009B070470000FFE7FEE72DE9F04174
:1077000088B01C4615460E46074613981299119AE2
:10771000109BDDF83CC0DDF838E00797ADF81A6043
:10772000ADF81850ADF81640ADF814E0ADF812C041
:10773000ADF81030ADF80E20ADF80C10ADF80A0021
:107740000799D12081F802019DF81A00079981F864
:1077500003019DF81800079981F804019DF81700AE
:10776000079981F80501BDF81600079981F806010F
:107770009DF81500079981F80701BDF814000799D5
:1077800081F808019DF81300079981F80901BDF8F7
:107790001200079981F80A019DF81100079981F8F4
:1077A0000B01BDF81000079981F80C019DF80F003E
:1077B000079981F80D01BDF80E00079981F80E01B7
:1077C0009DF80D00079981F80F01BDF80C0007998D
:1077D00081F810019DF80B00079981F81101BDF89F
:1077E0000A00079981F81201079901F5817001F5E6
:1077F00001710122102301F007FF079800F50170C5
:10780000042101F0B5FF40F2C421C2F20001019150
:10781000086001F0CFFF0198C178079A82F8131130
:107820004188079A82F814110168090A079A82F8B8
:1078300015110068079981F816010799F02081F861
:107840001701079800F581710020162208F014FE38
:1078500008B0BDE8F081000081B08DF803009DF90B
:10786000030000280ED4FFE79DF9031001F01F026A
:10787000012090404A094EF20011CEF2000141F879
:107880002200FFE701B070474EF60C50CEF2000028
:107890000068C0F3022070474EF60C50CEF2000094
:1078A0000068C0F30220704782B08DF80700009195
:1078B0009DF9070000280AD4FFE7009800019DF910
:1078C00007104EF20042CEF2000288540BE00098FE
:1078D00000019DF8071001F00F014EF61452CEF290
:1078E00000028854FFE702B07047000082B08DF8B4
:1078F000070000919DF9070000280AD4FFE70098CF
:1079000000019DF907104EF20042CEF200028854A9
:107910000BE0009800019DF8071001F00F014EF6F2
:107920001452CEF200028854FFE702B07047000004
:1079300083B00290029800F0070000904EF60C51C0
:10794000CEF200010868019001984FF6FF02104046
:1079500001900198009A40EA02200022C0F2FA52F7
:10796000104301900198086003B07047BFF34F8F38
:107970004EF60C51CEF20001086800F4E0600422DB
:10798000C0F2FA5210430860BFF34F8FFFE700BF09
:10799000FDE7000080B5012004F046FF80BD000037
:1079A0007047000080B582B0019000910198009965
:1079B000FCF7E2FE18B9FFE700980190FFE7019895
:1079C000009981F00041FCF7F3FE28B9FFE7009829
:1079D00080F000400190FFE7019802B080BD0000F8
:1079E00082B001900091009802780199486802F0F5
:1079F000010220F4807040EA02204860009842783A
:107A00000199886802F0010220F0020040EA420079
:107A10008860009882780199886802F0010220F459
:107A2000006040EAC22088600098C078421E019938
:107A3000C86A02F00F0220F4700040EA0250C862E7
:107A400002B0704781B00090009900200870009942
:107A500048700099887000990120C87001B0704783
:107A600081B000900099886840F00800886001B0FB
:107A70007047000082B0009000988068C008C0077E
:107A800020B1FFE701208DF8070003E000208DF80A
:107A90000700FFE79DF8070002B0704781B0009033
:107AA0000099886840F00400886001B070470000C9
:107AB00082B00090009880688008C00720B1FFE77E
:107AC00001208DF8070003E000208DF80700FFE794
:107AD0009DF8070002B0704782B001908DF8031046
:107AE0009DF803200199886862F30000886002B065
:107AF0007047000082B001908DF8031000208DF8CF
:107B00000200019800689DF80310084204D1FFE7C5
:107B100000208DF8020003E001208DF80200FFE74D
:107B20009DF8020002B0704783B002908DF80710F4
:107B30008DF806208DF805309DF8070009281CDC1B
:107B4000FFE70298006900909DF8070000EB4001F4
:107B5000072000FA01F10098884300909DF8050085
:107B60009DF8071001EB410100FA01F1009808436C
:107B700000900098029908611EE00298C068009089
:107B80009DF8070000EB4000A0F11E01072000FA5D
:107B900001F10098884300909DF805009DF80710BA
:107BA00001EB41011E3900FA01F1009808430090F1
:107BB00000980299C860FFE79DF806000D281FDBBA
:107BC000FFE70298C06A00909DF8060000EB800075
:107BD000A0F141011F2000FA01F1009888430090B4
:107BE0009DF807009DF8061001EB8101413900FA6C
:107BF00001F100980843009000980299C86242E0A1
:107C00009DF8060007281FDBFFE70298006B009035
:107C10009DF8060000EB8000A0F123011F2000FA70
:107C200001F10098884300909DF807009DF8061028
:107C300001EB8101233900FA01F10098084300901B
:107C40000098029908631DE00298406B00909DF82F
:107C5000060000EB8000411F1F2000FA01F1009890
:107C6000884300909DF807009DF8061001EB810104
:107C7000053900FA01F10098084300900098029934
:107C80004863FFE7FFE703B07047000081B0009052
:107C90000098C06C80B201B07047000082B00190C3
:107CA0008DF803108DF802209DF80300082811DBE1
:107CB000FFE70199886840F0007088609DF8030034
:107CC00000F007020199886820F4602040EA4240F1
:107CD000886010E00199886820F0007088609DF845
:107CE000030000F007020199886820F4602040EA50
:107CF00042408860FFE79DF802200199886802F001
:107D0000010220F4801040EA0250886002B07047FF
:107D100082B001908DF803109DF803200199486806
:107D200002F0010220F4006040EAC220486002B084
:107D30007047000082B001908DF803109DF8032079
:107D40000199886802F0010220F4800040EA825024
:107D5000886002B07047000081B08DF803009DF884
:107D6000032042F20841C4F20101086802F0010256
:107D700020F4000040EAC250086001B070470000E3
:107D800080B586B040F24810C2F20000007801468B
:107D90000591042800F2F8800599DFE801F0037BE3
:107DA0003EB8F40041F23030C2F20000FA21C0F8CF
:107DB000F410002180F81311D0F8B8004FF07E5174
:107DC000FCF78AFA0021C4F2F021FCF7D5FC68B96F
:107DD000FFE741F23031C2F200010020C4F2F0208E
:107DE000C1F8B8000020C1F8BC000EE041F230300C
:107DF000C2F200000490D0F8B8004FF07E51FCF7BA
:107E00006BFA0499C1F8B800FFE741F23031C2F2D1
:107E10000001002081F8E800B7E041F23030C2F202
:107E20000000FA21C0F8F410002180F81311D0F8F6
:107E3000B8000021C4F2A001FCF74EFA0021C4F200
:107E4000F021FCF799FC68B9FFE741F23031C2F24A
:107E500000010020C4F2F020C1F8B8000020C1F8F1
:107E6000BC000FE041F23030C2F200000390D0F8C5
:107E7000B8000021C4F2A001FCF72EFA0399C1F862
:107E8000B800FFE741F23031C2F20001002081F872
:107E9000E8007AE041F23030C2F20000FA21C0F886
:107EA000F410002180F81311D0F8B8000021CBF6AF
:107EB0008071FCF711FA0021C4F2A001FCF778FCF4
:107EC00068B9FFE741F23031C2F200010020C4F28C
:107ED000A000C1F8B8000020C1F8BC000FE041F2DA
:107EE0003030C2F200000290D0F8B8000021CBF68A
:107EF0008071FCF7F1F90299C1F8B800FFE741F28F
:107F00003031C2F20001002081F8E8003DE041F28A
:107F10003030C2F20000FA21C0F8F410002180F8DD
:107F20001311D0F8B8000021C4F2A0010191FCF7B0
:107F300025FA0199FCF73CFC68B9FFE741F23031C2
:107F4000C2F200010020C4F2A000C1F8B800002075
:107F5000C1F8BC000FE041F23030C2F200000090E6
:107F6000D0F8B8000021CCF2A001FCF7B5F90099D7
:107F7000C1F8B800FFE741F23031C2F20001002041
:107F800081F8E80001E0FFE7FFE740F24811C2F2A4
:107F900000010420087006B080BD000082B08DF89A
:107FA00007009DF80700013801460091092869D8AB
:107FB0000099DFE801F0051C656661626463334A7D
:107FC00041F23030C2F2000090F81501C00738B914
:107FD000FFE740F24811C2F2000100200870FFE7FD
:107FE00040F2E411C2F20001002048714BE041F27E
:107FF0003030C2F2000090F81501C00738B9FFE731
:1080000040F24811C2F2000101200870FFE740F27F
:10801000E411C2F200010020487134E041F2303036
:10802000C2F2000090F81501C00738B9FFE740F22E
:108030004811C2F2000102200870FFE740F2E4118B
:10804000C2F20001002048711DE041F23030C2F25E
:10805000000090F81501C00738B9FFE740F2481159
:10806000C2F2000103200870FFE740F2E411C2F2FF
:1080700000010020487106E005E004E003E002E0B2
:1080800001E000E0FFE702B07047000080B58CB06F
:108090000B9040F20030C2F200000078C00708B335
:1080A000FFE740F2CC20C2F2000080680A9040F264
:1080B000F800C2F200000068FCF7ADFB01460A9828
:1080C000FCF784FB68B9FFE740F2F800C2F2000059
:1080D0000068FCF7A0FB40F2CC21C2F200018860EE
:1080E000FFE70CE040F2F400C2F200000068FCF789
:1080F00092FB40F2CC21C2F200018860FFE70B98AE
:10810000006A40F2FC21C2F20001086040F2F8204F
:10811000C2F2000000680968FCF766FB20BBFFE7BD
:1081200040F2CC20C2F200000890C0694FF07C51B0
:10813000FCF72AF90899C86140F2FC20C2F200005D
:1081400009900068FCF779FB04F0C8FCFCF75AFBC7
:10815000014609980B9AC2F8D810006840F2F8213D
:10816000C2F200010860FFE740F20830C2F20000EE
:1081700004F0C4FE8008FCF74EFB0B9908600B99D5
:108180000868096CFCF7FAF840F20431C2F2000109
:1081900008600B9890F8000138B1FFE70B9890F851
:1081A0001001012840F02A81FFE70B9890F81A018E
:1081B000C007002800F02181FFE740F20430C2F23E
:1081C00000000068079040F2FC20C2F20000006846
:1081D0000021C4F2C821FCF77FF801460798FCF79C
:1081E000F5FA002840F0C180FFE740F20430C2F207
:1081F00000000068069040F2FC20C2F20000006817
:108200000021CCF2C821FCF767F801460698FCF77C
:10821000C1FA002840F0A980FFE740F20430C2F222
:1082200000000068059040F2FC20C2F200000068E7
:108230000021C4F2A001FCF74FF801460598FCF7B5
:10824000C5FA00286CD1FFE740F20430C2F200000A
:108250000068049040F2FC20C2F200000068002197
:10826000CCF2A001FCF738F801460498FCF792FA2A
:10827000002855D1FFE741F23031C2F2000102205F
:1082800081F81B0140F20230C2F200000188013186
:10829000018000880F2842DBFFE740F2CC20C2F2C9
:1082A0000000806844F20001CCF29C51FCF714F805
:1082B000039040F2F800C2F200000068FCF7ABFA4D
:1082C00001460398FCF782FA68B9FFE740F2F8002C
:1082D000C2F200000068FCF79EFA40F2CC21C2F224
:1082E000000188600EE040F2CC20C2F20000029053
:1082F000806844F20001CCF29C51FBF7EDFF02993B
:108300008860FFE740F20231C2F2000100200880DD
:1083100040F20031C2F2000101200870FFE711E0D5
:1083200040F20031C2F200010020087040F2023138
:10833000C2F20001088041F23031C2F2000181F83E
:108340001B01FFE740F2FC20C2F2000040F20431C2
:10835000C2F200010A68016840F2CC20C2F20000BB
:10836000FEF7F8FD0B99886646E040F20430C2F251
:1083700000000068019040F2FC20C2F2000000689A
:108380000021C4F2C821FBF7A7FF01460198FCF7C2
:10839000F3F958B9FFE70B990020886641F23031B4
:1083A000C2F20001012081F81B0124E040F20430F8
:1083B000C2F200000068009040F2FC20C2F200000F
:1083C00000680021CCF2C821FBF786FF0146009827
:1083D000FCF7EEF970B9FFE70B994BF60000C4F219
:1083E0000870886641F23031C2F20001002081F845
:1083F0001B01FFE7FFE7FFE7FFE71FE00B9890F89F
:108400000001012819D1FFE70B9890F81001A0B9DD
:10841000FFE740F20031C2F200010020087040F294
:108420000231C2F2000108800B99886640F2CC202C
:10843000C2F20000FEF752FDFFE7FFE70B98806EE7
:108440000021FCF7C3F920B9FFE70B9900208866EB
:10845000FFE70B9890F80401A0B1FFE740F200316C
:10846000C2F200010020087040F20231C2F20001A5
:1084700008800B99886640F2CC20C2F20000FEF71B
:108480002DFDFFE70CB080BD10B59EB040F234105A
:10849000C2F20000007801461D91062800F2AD836B
:1084A0001D99DFE811F007004A01A200E701A903C6
:1084B0008A02040340F2E410C2F20000002141717C
:1084C00041F23030C2F20000FA22C0F8EC2080F80D
:1084D000121190F80A01D8BBFFE741F23030C2F226
:1084E0000000006A0021C4F2FA31FCF753F958B9D0
:1084F000FFE741F23031C2F2000100204862002063
:10850000C4F2FA3008620CE041F23030C2F20000EE
:108510001C90006A4FF07E51FBF7DEFE1C9908624A
:10852000FFE741F23030C2F200001B90006A0021E8
:10853000C4F21011FBF728FF0021C4F2A001FBF7E1
:1085400055FF4FF08441FBF7C7FE1B99886244E05A
:1085500041F23030C2F2000090F80A0101283BD10C
:10856000FFE741F23030C2F20000806A0021C4F21D
:108570006941FCF70FF958B9FFE741F23031C2F217
:1085800000010020C8620020C4F2694088620CE04B
:1085900041F23030C2F200001A90806A4FF07E51F2
:1085A000FBF79AFE1A998862FFE741F23030C2F277
:1085B00000001990806A4FF04241FBF78DFE0021C8
:1085C000C4F2A001FBF7E0FE0021C4F21011FBF79A
:1085D0000DFF19990862FFE7FFE741F23031C2F25F
:1085E0000001002081F8E80008E340F2E410C2F244
:1085F00000000021417141F23030C2F20000FA2245
:10860000C0F8EC2080F8121190F80A01002841D13E
:10861000FFE741F23030C2F20000006A0021C4F2EC
:108620002011FBF759FE0021C4F2FA31FCF7B2F831
:1086300058B9FFE741F23031C2F200010020486230
:108640000020C4F2FA3008620DE041F23030C2F28C
:1086500000001890006A0021C4F22011FBF73CFED4
:1086600018990862FFE741F23030C2F2000017901B
:10867000006A0021C4F21011FBF786FE0021C4F24B
:10868000A001FBF7B3FE4FF08441FBF725FE1799DD
:1086900088624AE041F23030C2F2000090F80A01EC
:1086A000012841D1FFE741F23030C2F20000806A78
:1086B0000021C4F24821FBF70FFE0021C4F26941FA
:1086C000FCF768F858B9FFE741F23031C2F2000117
:1086D0000020C8620020C4F2694088620DE041F2C7
:1086E0003030C2F200001690806A0021C4F24821A6
:1086F000FBF7F2FD16998862FFE741F23030C2F2D3
:1087000000001590806A4FF04241FBF7E5FD002123
:10871000C4F2A001FBF738FE0021C4F21011FBF7F0
:1087200065FE15990862FFE7FFE741F23031C2F2BA
:108730000001002081F8E80060E240F2E410C2F29B
:1087400000000021417141F23030C2F20000FA22F3
:10875000C0F8EC2080F8121190F80A01E0BBFFE7A6
:1087600041F23030C2F20000006A0021C4F2C82198
:10877000FCF72CF858B9FFE741F23031C2F20001A2
:10878000002048620020C4F2C82008620DE041F2D7
:108790003030C2F200001490006A0021CBF68071E4
:1087A000FBF79AFD14990862FFE741F23030C2F2FC
:1087B00000001390006A0021C4F21011FBF7E4FDE1
:1087C0000021C4F2A001FBF711FE4FF08441FBF73A
:1087D00083FD1399886245E041F23030C2F2000017
:1087E00090F80A0101283CD1FFE741F23030C2F293
:1087F0000000806A0021C4F25431FBF7E7FF58B94A
:10880000FFE741F23031C2F200010020C8620020CF
:10881000C4F2543088620DE041F23030C2F2000000
:108820001290806A0021CBF68071FBF755FD1299FA
:108830008862FFE741F23030C2F200001190806A96
:108840004FF04241FBF748FD0021C4F2A001FBF7C5
:108850009BFD0021C4F21011FBF7C8FD11990862BD
:10886000FFE7FFE741F23031C2F20001002081F85A
:10887000E800C3E140F2E410C2F2000000214171BF
:1088800041F23030C2F20000FA22C0F8EC2080F849
:10889000121190F80A01002841D1FFE741F230306F
:1088A000C2F20000006A0021CCF22011FBF714FD97
:1088B0000021C4F2C821FBF789FF58B9FFE741F254
:1088C0003031C2F20001002048620020C4F2C8200A
:1088D00008620DE041F23030C2F200001090006AF0
:1088E0000021CCF22011FBF7F7FC10990862FFE79A
:1088F00041F23030C2F200000F90006A0021C4F251
:108900001011FBF741FD0021C4F2A001FBF76EFD41
:108910004FF08441FBF7E0FC0F99886245E041F29B
:108920003030C2F2000090F80A0101283CD1FFE784
:1089300041F23030C2F20000806A0021C4F27D3181
:10894000FBF744FF58B9FFE741F23031C2F20001B2
:108950000020C8620020C4F2543088620DE041F269
:108960003030C2F200000E90806A0021CCF2242147
:10897000FBF7B2FC0E998862FFE741F23030C2F299
:1089800000000D90806A4FF04241FBF7A5FC0021EA
:10899000C4F2A001FBF7F8FC0021C4F21011FBF7B0
:1089A00025FD0D990862FFE7FFE741F23031C2F281
:1089B0000001002081F8E80020E141F23031C2F2EC
:1089C00000010C91002081F81501086A0A6C0B92D5
:1089D000496CFBF7D3FC01460B98FBF77DFC014685
:1089E0000C980164006C0021C4F2C821FBF7D2FE90
:1089F00048B9FFE741F23031C2F200010020C4F271
:108A0000C8200864FFE741F23030C2F20000006C79
:108A10000021CCF2C821FBF7D9FE48B9FFE741F2AB
:108A20003031C2F200010020CCF2C8200864FFE718
:108A300041F23031C2F200010A91086B4A6D09928D
:108A4000896DFBF79BFC01460998FBF745FC014645
:108A50000A984165406D0021C4F2C821FBF79AFED7
:108A600048B9FFE741F23031C2F200010020C4F200
:108A7000C8204865FFE741F23030C2F20000406D87
:108A80000021CCF2C821FBF7A1FE48B9FFE741F273
:108A90003031C2F200010020CCF2C8204865FFE767
:108AA00040F2E411C2F2000101204871A6E041F257
:108AB0003030C2F200000890012280F81721002413
:108AC000C4F2BE34046204630023C4F22023C0F85D
:108AD000B830002101644165C0F8944040F2000EB6
:108AE000C4F2C83EC0F898E040F2000CC4F2D23C98
:108AF000C0F89CC0C0F8A040C0F8A4E0C0F8A8C06E
:108B0000C0F8AC300023C4F24823C0F8B0300023D2
:108B1000C4F27023C0F8B43080F8E81080F8E9108F
:108B2000C0F8801080F80A1180F80C2180F80E211E
:108B300080F81011FA21C0F8EC10C0F8F01090F88D
:108B40000A0138BBFFE741F23030C2F20000079063
:108B5000006B0021C4F210110491FBF715FC0021F9
:108B6000C4F2A0010591FBF741FC4FF0844106914E
:108B7000FBF7B2FB0499024607988263006AFBF791
:108B800003FC0599FBF732FC0699FBF7A5FB079957
:108B9000886230E041F23030C2F2000090F80A0101
:108BA000012827D1FFE741F23030C2F200000390E4
:108BB000806B4FF084410091FBF7E0FB0021C4F291
:108BC000A0010191FBF7E0FB0021C4F2101102911A
:108BD000FBF70CFC0099024603980263806AFBF7DE
:108BE000CDFB0199FBF7D0FB0299FBF7FFFB039943
:108BF0000862FFE7FFE7FFE7FFE7FFE740F2341116
:108C0000C2F20001042008701EB010BD83B08DF8C0
:108C10000B009DF80B00013801460191092800F274
:108C2000EE800199DFE801F0053AE9EAA1A2E2A3AA
:108C3000738A41F23030C2F2000090F81501C0078B
:108C4000F0B1FFE741F23030C2F2000090F81611A7
:108C5000013180F8161190F816010B2808DBFFE7A8
:108C600041F23031C2F20001002081F81601FFE725
:108C700040F23C11C2F2000142F21070086006E0BE
:108C800040F23411C2F2000100200870FFE740F208
:108C9000E411C2F2000100204871B1E041F230302D
:108CA000C2F2000090F81501C00710B3FFE741F2CF
:108CB0003030C2F2000090F8160140B9FFE741F2EF
:108CC0003031C2F200010A2081F8160109E041F2B8
:108CD0003031C2F2000191F81601013881F8160115
:108CE000FFE740F23C11C2F2000142F2107008604E
:108CF00006E040F23411C2F2000101200870FFE7E3
:108D000040F2E411C2F200010020487178E041F223
:108D10003030C2F2000090F81501C00738B9FFE703
:108D200040F23411C2F2000102200870FFE740F265
:108D3000E411C2F200010020487161E041F23030DC
:108D4000C2F2000090F81501C00738B9FFE740F201
:108D50003411C2F2000103200870FFE740F2E41171
:108D6000C2F20001002048714AE049E048E040F2C8
:108D70003930C2F200000078C00780BBFFE740F244
:108D80003931C2F200010120087041F23030C2F2E4
:108D9000000090F81501C00790B9FFE741F23031AB
:108DA000C2F20001012081F81501002081F81601AE
:108DB00040F23C11C2F2000142F2107008600DE076
:108DC00041F23031C2F20001002081F8160140F278
:108DD0003411C2F2000105200870FFE7FFE740F2FE
:108DE000E411C2F200010120487109E040F239317A
:108DF000C2F200010020087002E001E000E0FFE79D
:108E000041F23030C2F2000090F81501C00770B98D
:108E1000FFE741F23031C2F200010091086A486474
:108E2000886AC864086B8865886B08664AE09DF8A4
:108E30000B00D8B9FFE740F23C10C2F20000016815
:108E4000013901600068B0F1FF3F0EDCFFE740F23E
:108E50003C11C2F2000142F21070086040F234117D
:108E6000C2F2000105200870FFE7FFE741F2303051
:108E7000C2F2000090F81701C00710B3FFE740F2FC
:108E80003810C2F200000168013901600068B0F1D9
:108E9000FF3F15DCFFE740F23811C2F200014FF44A
:108EA0009670086040F23411C2F20001052008708B
:108EB00041F23031C2F20001002081F81701FFE7D2
:108EC000FFE7FFE703B0704788B00790069105926F
:108ED000079B06980090059904910168DDF810C081
:108EE000BFF35F8F53E8000F084503D143E800C28A
:108EF000002AF7D10190401AB0FA80F04009BFF380
:108F00005F8F0146029120B9FFE701980099086040
:108F1000FFE7029800F001008DF80F009DF80F00A8
:108F200000F0010008B0704787B0069006980190E5
:108F3000012105910599029100680390FFE70399CB
:108F4000019B029801EB000C53E8000F084503D188
:108F500043E800C2002AF7D10090411AB1FA81F12A
:108F6000490901290390EAD1FFE700980490049889
:108F700007B0704780B541F23030C2F2000090F87F
:108F80000C01012807D1FFE740F2E410C2F2000013
:108F9000FBF7F4FD0FE041F23030C2F2000090F830
:108FA0000C0138B9FFE740F2E410C2F20000C068DB
:108FB0008047FFE7FFE780BD80B541F20000C4F2C3
:108FC0000100082103F0C0FA80BD000080B541F225
:108FD0000000C4F20100082103F0C0FA80BD0000C7
:108FE00080B541F23030C2F2000090F80C01012847
:108FF00003D1FFE7FFF7BEFF0FE041F23030C2F2CE
:10900000000090F80C0138B9FFE740F2E410C2F21A
:109010000000C0688047FFE7FFE741F23030C2F24E
:10902000000090F8040140B9FFE741F23030C2F28D
:10903000000090F80601C0B1FFE740F23A32C2F2F8
:1090400000021078411C117032280DD1FFE740F268
:109050003A31C2F200010020087040F2E411C2F27D
:10906000000101204871FFE7FFE780BD80B582B0B5
:1090700040F60040C4F2010001904FF4036103F098
:109080006DFA01984FF4727103F05EFA02B080BD80
:1090900080B541F23030C2F20000006A0021C4F213
:1090A000FA31FBF793FB60B9FFE741F23030C2F2CF
:1090B0000000006A0021C4F2C821FBF779FB48B91F
:1090C000FFE741F23031C2F200010020C4F2BE30AD
:1090D0000862FFE741F23030C2F20000006B00216D
:1090E000C4F2E131FBF772FB60B9FFE741F23030C7
:1090F000C2F20000006B0021C4F24831FBF758FBBC
:1091000048B9FFE741F23031C2F200010020C4F259
:10911000BE300863FFE741F23030C2F20000D0F801
:10912000B8000021C4F2F021FBF750FB68B9FFE75B
:1091300041F23030C2F20000D0F8B8000021C4F291
:10914000A001FBF735FB50B9FFE741F23031C2F225
:1091500000010020C4F2A020C1F8B800FFE741F2EE
:109160003030C2F20000D0F894000021C4F2FA318D
:10917000FBF72CFB68B9FFE741F23030C2F2000088
:10918000D0F894000021C4F2C821FBF711FB50B9BC
:10919000FFE741F23031C2F200010020C4F2A030FA
:1091A000C1F89400FFE741F23030C2F20000D0F87D
:1091B00098000021C4F2FA31FBF708FB68B9FFE719
:1091C00041F23030C2F20000D0F898000021C4F221
:1091D000C821FBF7EDFA50B9FFE741F23031C2F296
:1091E00000010020C4F2AF30C1F89800FFE741F25F
:1091F0003030C2F20000D0F89C000021C4F2FA31F5
:10920000FBF7E4FA68B9FFE741F23030C2F2000040
:10921000D0F89C000021C4F2C821FBF7C9FA50B96C
:10922000FFE741F23031C2F200010020C4F2BE304B
:10923000C1F89C00FFE741F23030C2F20000D0F8E4
:10924000A0000021C4F2E131FBF7C0FA68B9FFE7E2
:1092500041F23030C2F20000D0F8A0000021C4F288
:109260004831FBF7A5FA50B9FFE741F23031C2F2BD
:1092700000010020C4F2A030C1F8A000FFE741F2D5
:109280003030C2F20000D0F8A4000021C4F2E13175
:10929000FBF79CFA68B9FFE741F23030C2F20000F8
:1092A000D0F8A4000021C4F24831FBF781FA50B98C
:1092B000FFE741F23031C2F200010020C4F2AF30CA
:1092C000C1F8A400FFE741F23030C2F20000D0F84C
:1092D000A8000021C4F2E131FBF778FA68B9FFE792
:1092E00041F23030C2F20000D0F8A8000021C4F2F0
:1092F0004831FBF75DFA50B9FFE741F23031C2F275
:1093000000010020C4F2BE30C1F8A800FFE741F21E
:109310003030C2F20000D0F8AC000021C4F2F021DD
:10932000FBF754FA68B9FFE741F23030C2F20000AF
:10933000D0F8AC000021C4F2A001FBF739FA50B913
:10934000FFE741F23031C2F200010020C4F24820B0
:10935000C1F8AC00FFE741F23030C2F20000D0F8B3
:10936000B0000021C4F2F021FBF730FA68B9FFE742
:1093700041F23030C2F20000D0F8B0000021C4F257
:10938000A001FBF715FA50B9FFE741F23031C2F204
:1093900000010020C4F27020C1F8B000FFE741F2E4
:1093A0003030C2F20000D0F8B4000021C4F2F02145
:1093B000FBF70CFA68B9FFE741F23030C2F2000067
:1093C000D0F8B4000021C4F2A001FBF7F1F950B9C4
:1093D000FFE741F23031C2F200010020C4F2A020C8
:1093E000C1F8B400FFE741F23030C2F2000090F85B
:1093F0000A0188B1FFE741F23030C2F2000090F874
:109400000A01012808D0FFE741F23031C2F2000121
:10941000002081F80A01FFE741F23030C2F200007B
:1094200090F80C0188B1FFE741F23030C2F2000041
:1094300090F80C01012808D0FFE741F23031C2F268
:109440000001012081F80C01FFE741F23030C2F247
:109450000000006C0021C4F2C821FBF7B7F960B925
:10946000FFE741F23030C2F20000006C0021CCF284
:10947000C821FBF79DF938B9FFE741F23031C2F25C
:10948000000100200864FFE741F23030C2F2000022
:10949000406D0021C4F2C821FBF798F960B9FFE7DD
:1094A00041F23030C2F20000406D0021CCF2C82100
:1094B000FBF77EF938B9FFE741F23031C2F2000123
:1094C00000204865FFE741F23030C2F2000090F81A
:1094D0000E01012810D0FFE741F23030C2F2000047
:1094E00090F80E0140B1FFE741F23031C2F20001C5
:1094F000002081F80E01FFE741F23030C2F2000097
:1095000090F81001012810D0FFE741F23030C2F28C
:10951000000090F8100140B1FFE741F23031C2F293
:109520000001002081F81001FFE741F23030C2F263
:109530000000D0F880004CF20001C4F27941FBF742
:1095400045F958B9FFE741F23030C2F20000D0F8D7
:1095500080000021FBF72CF940B9FFE741F23031E0
:10956000C2F200010020C1F88000FFE780BD0000CA
:1095700080B5032001F0F2FEFBF74DF9014641F200
:109580003030C2F20000816790F80801C8B9FFE7E7
:1095900041F23030C2F20000806F4CF20001C4F2A0
:1095A0000F51FBF7E9F858B9FFE741F23031C2F249
:1095B0000001042081F80601022081F81401FFE770
:1095C000FFE780BD80B584B003F0F6FD0391029003
:1095D00003F0E8FE98B1FFE703F0EEFD039102907F
:1095E00003F000FE019008460199029B039AC918F6
:1095F0005041013140F1000002910390FFE70298D1
:10960000039904B080BD00008BB0099008910792C7
:109610000693099818B1FFE7089818B9FFE70020EA
:109620000A905FE007980699884203D9FFE7002077
:109630000A9057E006980799401A0130059009985A
:10964000079908440490002002900390FFE70398D4
:109650000599B0EB910F11D2FFE70498006800BAAA
:109660000899029A531C029341F82200049804308E
:109670000490FFE7039801300390E8E79DF8140099
:10968000800760B3FFE700200190059901F0030116
:109690008DF803108DF80200FFE79DF802009DF899
:1096A0000310884213DAFFE704989DF80220805CDB
:1096B0001821A1EBC20100FA01F1019808430190C1
:1096C000FFE79DF8020001308DF80200E5E7019800
:1096D0000899029A531C029341F82200FFE702986E
:1096E0000A90FFE70A980BB07047000084B003901F
:1096F00002914FF6FF70ADF80600FFE7029890B3B5
:10970000FFE70398411C03910178BDF8060080EA49
:109710000120ADF8060008200090FFE70098F0B1A6
:10972000FFE7BDF80600000400280DD5FFE7BDF8EF
:1097300006004000ADF80600BDF8060041F2210128
:109740004840ADF8060005E0BDF806004000ADF861
:109750000600FFE7FFE7009801380090DEE7029877
:1097600001380290CAE7BDF8060004B07047000057
:1097700083B002900191002000900090FFE70098D4
:10978000019988420ED2FFE70298009950F8210013
:1097900043F20001C4F202010860FFE700980130C3
:1097A0000090ECE743F20000C4F20200006803B04E
:1097B0007047000043F20801C4F20201086840F05B
:1097C000010008607047000081B00090009843F2EB
:1097D0001001C4F20201086001B0704781B08DF839
:1097E00003009DF8032043F20801C4F20201086857
:1097F00002F0030220F0180040EAC200086001B045
:109800007047000081B00090009843F21401C4F248
:109810000201086001B0704781B08DF803009DF827
:10982000032043F20801C4F20201086802F00302B7
:1098300020F0600040EA4210086001B0704700006C
:1098400081B08DF803009DF8032043F20801C4F2B3
:109850000201086802F0010220F0800040EAC21014
:10986000086001B07047000081B08DF803009DF8DA
:10987000030000F0030241F20401C4F2020108688F
:1098800020F4404040EA823008609DF803200868D8
:10989000920862F31C70086001B0704781B08DF8C7
:1098A00003009DF8032041F20401C4F2020108689C
:1098B00002F00F0220F0F00040EA0210086001B050
:1098C0007047000081B08DF803009DF8032041F23D
:1098D0000401C4F20201086802F0070220F4E0600B
:1098E00040EA0220086001B07047000081B08DF8A6
:1098F00003009DF8032041F20401C4F2020108684C
:1099000002F0070220F4605040EAC220086001B073
:109910007047000081B08DF803009DF80300012816
:1099200009D1FFE741F25401C4F20201086840F096
:109930003000086008E041F25401C4F202010868F6
:1099400020F030000860FFE701B0704782B08DF86A
:1099500007008DF806109DF80700014600910428C5
:1099600044D80099DFE801F0030E1D2C37009DF864
:10997000062041F20001C4F20201086862F300000F
:10998000086034E09DF8062041F20001C4F20201B3
:10999000086802F0010220F4803040EA02400860CA
:1099A00025E09DF8062041F20001C4F2020108689A
:1099B00002F0010220F0807040EA0260086016E0C8
:1099C0009DF8062041F22001C4F20201086862F30A
:1099D000000008600BE09DF8062041F22401C4F26B
:1099E0000201086862F30000086000E0FFE702B0CF
:1099F0007047000080B58EB00D90002001900C9053
:109A00000B900A900990089007900690059004909A
:109A100000F078FA8DF80F009DF80F0001460291D2
:109A200040B1FFE70298012825D0FFE702980228FD
:109A300028D0C1E041F25400C4F202000068400A9C
:109A4000C00780B1FFE741F23000C4F202000068B5
:109A5000400EC00738B1FFE70D9946F60040C0F24E
:109A6000DC20086006E00D9941F20020C0F27A0087
:109A70000860FFE7A7E00D9941F20020C0F27A00EC
:109A80000860A0E041F20400C4F202000068C0F3E4
:109A900000400A9041F22C00C4F20200016800204C
:109AA000B0EBD17F47D1FFE741F20400C4F20200DE
:109AB0000168C1F383410C910068C0F341700B90C1
:109AC0000B9820B9FFE70C980F2807D1FFE70B99F7
:109AD0000C9800EB011001300C9003E00C98023060
:109AE0000C90FFE70A9848B9FFE70C9840F6001180
:109AF000C0F23D0148430D9908601BE041F20400AB
:109B0000C4F202000068400CC00748B1FFE70C989F
:109B100040F60011C0F23D0148430D99086008E08D
:109B20000C9841F20021C0F27A0148430D99086077
:109B3000FFE7FFE73FE041F22C00C4F202000168BA
:109B4000C1F3031106910168C1F308210591006872
:109B500000F0070004900A9830B9FFE740F60010C3
:109B6000C0F23D00079015E041F20400C4F202008B
:109B70000068400CC00730B1FFE740F60010C0F2AB
:109B80003D00079005E041F20020C0F27A00079006
:109B9000FFE7FFE707980599A0FB0101069ADDF8AA
:109BA00010C0012303FA0CF35A430023FAF70CFB0D
:109BB0000D990860FFE706E00D9941F20020C0F220
:109BC0007A000860FFE741F20400C4F20200016875
:109BD000C1F303110991099A41F27001C0F6010124
:109BE000895C08910D9A1168089BD9405160016801
:109BF000C1F302210991099A41F26001C0F6010105
:109C0000895C08910D9A5168089BD940D160016820
:109C1000C1F3C2210991099A41F26801C0F601011C
:109C2000895C08910D9A5168089BD9409160016840
:109C3000C1F30071099109990068C0F3813040EACD
:109C400081000990099941F25800C0F60100405C7A
:109C500008900D998868089AB0FBF2F008610EB080
:109C600080BD000082B0019000208DF80300BDF897
:109C7000060041F20001C4F202014058019901F0CE
:109C80001F01C840C00720B9FFE700208DF803007E
:109C900003E001208DF80300FFE79DF8030002B008
:109CA0007047000080B584B0002003908DF80B0051
:109CB000FFE71120FFF7D6FF0146002001290190A0
:109CC00008D0FFE703990020B1F5405F38BF0120BD
:109CD0000190FFE70198C00720B1FFE7039801302A
:109CE0000390E6E71120FFF7BDFF012804D0FFE74E
:109CF00000208DF80B0003E001208DF80B00FFE73A
:109D00009DF80B0004B080BD82B001908DF8031067
:109D10009DF8030001280FD1FFE7019800F01F0212
:109D2000012101FA02F3010C41F20002C4F2020225
:109D30008858184388500EE0019800F01F02012156
:109D400001FA02F3010C41F20002C4F20202885847
:109D500098438850FFE702B07047000082B08DF84A
:109D60000700ADF80410ADF802208DF801309DF821
:109D7000070088B9FFE741F20401C4F20201086854
:109D800020F48030086041F23001C4F2020108681A
:109D900040F0007008601FE041F20401C4F20201CB
:109DA000086840F4803008609DF80700012809D158
:109DB000FFE741F20401C4F20201086820F4003018
:109DC000086008E041F20401C4F20201086840F4AE
:109DD00000300860FFE7FFE7BDF8042041F22C01E6
:109DE000C4F2020108686FF35F226FF3102040EAAB
:109DF00002200860BDF80220086802F00F0220F07F
:109E0000F00040EA021008609DF80120086862F343
:109E100002000860086840F00040086002B0704727
:109E200041F20001C4F20201086840F0010008603C
:109E3000FFE741F20000C4F202000068C0F34000F6
:109E4000012801D0FFE7F4E741F20401C4F2020166
:109E5000086820F003000860FFE741F20400C4F244
:109E6000020000688008800708B1FFE7F5E741F2CB
:109E70000001C4F2020108684FF6FF72CFF6F262E9
:109E80001040086041F20401C4F2020100200860A1
:109E900041F22C01C4F2020141F61070086041F257
:109EA0003001C4F202014FF48010086041F2080151
:109EB000C4F202014FF41F000860704781B08DF8B2
:109EC00003009DF8032041F20401C4F20201086876
:109ED00062F30100086000BF00BF00BF00BF00BF09
:109EE00000BF00BF00BF00BF00BF00BF00BF00BF7A
:109EF00000BF00BF00BF00BF00BF00BF00BF01B078
:109F00007047000041F20400C4F202000068C0F390
:109F10008100704780B584B003908DF80B1000204D
:109F20008DF80700FFE79DF807009DF80B108842A9
:109F300017DAFFE703989DF80710084401F0E2F9EB
:109F4000ADF80800BDF808004FF6FF71884201D156
:109F5000FFE706E0FFE79DF8070002308DF80700F5
:109F6000E1E7BDF8080004B080BD000080B586B010
:109F70000590059840F2E011C2F200010968A0FBCB
:109F800001010391029040F65830C2F200000068CF
:109F90005B2807DBFFE740F65830C2F2000000689C
:109FA000009002E05A200090FFE700980190029B89
:109FB0000399019AD017D21A884101DBFFE71DE00F
:109FC000019A02990398891A60EBE270029103905A
:109FD00002F072FA03460A4602990398C9185041E2
:109FE00002910390FFE702F067FA0246029B039892
:109FF000D21A71EB000001DAFFE7F4E706B080BD8A
:10A0000080B586B041F20040C4F20100042102F0A4
:10A01000A5FA41F20000C4F2010000904FF4805113
:10A02000029102F09BFA00984FF40061049102F053
:10A0300095FA00984FF4806102F090FA40F6000023
:10A04000C4F2010003904FF4004102F087FA41F698
:10A050000040C4F201000190802102F07FFA0198D3
:10A06000402102F07BFA0299039802F077FA0398F4
:10A07000049902F073FA40F60040C4F2010040F681
:10A08000F83102F06BFA40F64730C2F20000007877
:10A0900001460591082800F2A4810599DFE811F036
:10A0A00009001D003200B600CB00E000F4000801FA
:10A0B0001D0140F24430C2F20000017840F2680015
:10A0C000C2F2000050F82100804741F20040C4F283
:10A0D0000100042102F038FA83E140F24430C2F278
:10A0E0000000417840F26800C2F2000050F8210000
:10A0F000804741F20000C4F201004FF4805102F0A9
:10A1000023FA6EE140F24430C2F20000817840F25E
:10A110006800C2F2000050F82100804741F2303060
:10A12000C2F2000090F8020100285DD1FFE741F281
:10A130003030C2F2000090F8FE00012854D1FFE751
:10A1400041F23030C2F2000090F8060100284BD1F5
:10A15000FFE741F23030C2F2000090F81C0148B92C
:10A16000FFE740F60040C4F201004FF4006102F046
:10A17000EBF938E041F23030C2F2000090F81C01F7
:10A18000012809D1FFE740F60040C4F201004FF476
:10A19000006102F0E3F925E041F23030C2F2000044
:10A1A00090F81C0102281CD1FFE741F23030C2F2C6
:10A1B000000090F8FB00C00748B1FFE740F6004000
:10A1C000C4F201004FF4006102F0C8F908E040F663
:10A1D0000040C4F201004FF4006102F0B5F9FFE75E
:10A1E000FFE7FFE7FFE708E040F60040C4F20100A8
:10A1F0004FF4006102F0B2F9FFE741F20000C4F24F
:10A2000001004FF4006102F09FF9EAE040F23B30B8
:10A21000C2F20000017840F26800C2F2000050F87B
:10A220002100804741F20000C4F201004FF4806138
:10A2300002F08AF9D5E040F23B30C2F200004178EA
:10A2400040F26800C2F2000050F82100804740F65A
:10A250000000C4F201004FF4004102F075F9C0E0C3
:10A2600040F23B30C2F20000817840F26800C2F256
:10A27000000050F82100804741F60040C4F2010080
:10A28000802102F061F9ACE040F23E30C2F2000001
:10A29000017840F26800C2F2000050F821008047C7
:10A2A00041F60040C4F20100402102F04DF998E06F
:10A2B00040F23E30C2F20000417840F26800C2F243
:10A2C000000050F82100804740F60000C4F2010071
:10A2D0004FF4805102F038F983E040F23E30C2F290
:10A2E0000000817840F26800C2F2000050F82100BE
:10A2F000804741F23030C2F2000090F8000100289F
:10A300005DD1FFE741F23030C2F2000090F8FC006E
:10A31000012854D1FFE741F23030C2F2000090F83A
:10A32000040100284BD1FFE741F23030C2F20000B7
:10A3300090F81B0148B9FFE740F60040C4F2010065
:10A340004FF4006102F000F938E041F23030C2F21F
:10A35000000090F81B01012809D1FFE740F60040FA
:10A36000C4F201004FF4006102F0F8F825E041F278
:10A370003030C2F2000090F81B0102281CD1FFE728
:10A3800041F23030C2F2000090F8FA00C00748B144
:10A39000FFE740F60040C4F201004FF4006102F014
:10A3A000DDF808E040F60040C4F201004FF400611F
:10A3B00002F0CAF8FFE7FFE7FFE7FFE708E040F633
:10A3C0000040C4F201004FF4006102F0C7F8FFE75B
:10A3D00040F60000C4F201004FF4006102F0B4F84E
:10A3E000FFE740F64731C2F20001087801304CF235
:10A3F0001D72C1F67142A0FB023202EBC202801A4A
:10A40000087006B080BD000080B582B041F23030E7
:10A41000C2F2000090F8F800C007002840F0DA808F
:10A42000FFE741F23030C2F20000D0F8EC00E8B1B2
:10A43000FFE740F64831C2F200010020087041F207
:10A440003030C2F20000D0F8EC100139C0F8EC1046
:10A4500090F8F800C00740B9FFE741F23031C2F28E
:10A460000001002081F81201FFE784E041F2303062
:10A47000C2F2000090F8FC00002861D0FFE741F232
:10A480003030C2F2000090F80401002858D1FFE7F4
:10A4900041F23030C2F2000090F80E01012846D19E
:10A4A000FFE741F23030C2F200000021C0F8EC10AA
:10A4B00001680191006A0021C4F2A001F9F70CFFC4
:10A4C00001460198FAF782F910BBFFE741F23030FC
:10A4D000C2F2000001680091006A0021CCF2A001E4
:10A4E000F9F7FAFE01460098FAF754F980B9FFE748
:10A4F00041F23031C2F2000100204862C86240F6E9
:10A500004833C2F2000301221A7081F812010DE0F3
:10A5100040F64831C2F200010020087041F23031AB
:10A52000C2F20001012081F81201FFE707E041F2C9
:10A530003031C2F20001012081F81201FFE719E079
:10A5400041F23030C2F2000090F8040150B1FFE750
:10A5500041F23031C2F20001022081F8120181F88B
:10A56000130106E040F64831C2F2000100200870F5
:10A57000FFE7FFE7FFE741F23030C2F20000D0F81A
:10A58000F40068B1FFE741F23031C2F20001D1F8C6
:10A59000F4000138C1F8F400002081F8130118E03C
:10A5A00041F23030C2F2000090F8040140B1FFE700
:10A5B00041F23031C2F20001022081F8130107E0BC
:10A5C00041F23031C2F200010020C1F8F400FFE78F
:10A5D000FFE72EE041F23030C2F2000090F8F800C0
:10A5E000C00728B3FFE740F24010C2F20000016844
:10A5F00001390160006800280FDCFFE740F24011DC
:10A60000C2F200014FF49670086041F23031C2F29C
:10A610000001002081F8F80009E041F23031C2F277
:10A620000001042081F8130181F81301FFE7FFE71F
:10A63000FFE702B080BD000080B582B041F230304B
:10A64000C2F2000090F8F900C007002840F0B28084
:10A65000FFE741F23030C2F20000D0F8F00028B33A
:10A66000FFE740F64931C2F200010020087041F2D4
:10A670003030C2F20000D0F8F0100139C0F8F0100C
:10A6800090F8F900C00780B9FFE741F23030C2F21C
:10A69000000090F8FE0040B1FFE741F23031C2F215
:10A6A0000001002081F81401FFE782E041F2303020
:10A6B000C2F2000090F8FE00002861D0FFE741F2EE
:10A6C0003030C2F2000090F80601002858D1FFE7B0
:10A6D00041F23030C2F2000090F80E01012846D15C
:10A6E000FFE741F23030C2F200000021C0F8EC1068
:10A6F00001690191006B0021C4F2A001F9F7ECFDA2
:10A7000001460198FAF762F810BBFFE741F23030DA
:10A71000C2F2000001690091006B0021CCF2A0019F
:10A72000F9F7DAFD01460098FAF734F880B9FFE747
:10A7300041F23031C2F2000100204863C86340F6A4
:10A740004933C2F2000301221A7081F814010DE0AE
:10A7500040F64931C2F200010020087041F2303168
:10A76000C2F20001012081F81401FFE707E041F285
:10A770003031C2F20001012081F81401FFE717E037
:10A7800041F23030C2F2000090F8060140B1FFE71C
:10A7900041F23031C2F20001022081F8140106E0DA
:10A7A00040F64931C2F2000100200870FFE7FFE7E0
:10A7B000FFE72CE041F23030C2F2000090F8F900DF
:10A7C000C00718B3FFE740F24410C2F2000001686E
:10A7D00001390160006800280FDCFFE740F24411F6
:10A7E000C2F200014FF49670086041F23031C2F2BB
:10A7F0000001002081F8F90007E041F23031C2F297
:10A800000001042081F81401FFE7FFE7FFE702B031
:10A8100080BD000080B588B08DF81F0041F2004077
:10A82000C4F20100042101F099FE41F20000C4F2DB
:10A83000010001904FF48051039101F08FFE0198C7
:10A840004FF40061059101F089FE01984FF4806199
:10A8500001F084FE40F60000C4F2010004904FF4C1
:10A86000004101F07BFE41F60040C4F2010002907D
:10A87000802101F073FE0298402101F06FFE0399E0
:10A88000049801F06BFE0498059901F067FE40F60C
:10A890000040C4F2010040F6F83101F05FFE40F6DE
:10A8A0004A30C2F20000007801460691082800F202
:10A8B000F1800699DFE801F0053464798897A5B343
:10A8C000CF0040F24130C2F20000017840F21400A3
:10A8D000C2F2000050F82100804741F23030C2F24D
:10A8E000000090F81601082809D0FFE741F2303047
:10A8F000C2F2000090F81601092809D1FFE740F6DE
:10A900000040C4F201004FF4006101F01DFEFFE7BA
:10A9100041F20040C4F20100042101F015FEB9E04B
:10A9200040F24130C2F20000417840F21400C2F21D
:10A93000000050F82100804741F23030C2F20000A0
:10A9400090F81601082809D0FFE741F23030C2F232
:10A95000000090F81601092809D1FFE740F60040F1
:10A96000C4F201004FF4006101F0EEFDFFE741F297
:10A970000000C4F201004FF4805101F0E5FD89E0D0
:10A9800040F24130C2F20000817840F21400C2F27D
:10A99000000050F82100804741F20000C4F201009D
:10A9A0004FF4006101F0D0FD74E040F21400C2F2F7
:10A9B0000000C06B804741F20000C4F201004FF478
:10A9C000806101F0C1FD65E040F21400C2F20000B8
:10A9D000C06B804740F60000C4F201004FF4004114
:10A9E00001F0B2FD56E040F21400C2F20000C06B6C
:10A9F000804741F60040C4F20100802101F0A4FD2F
:10AA000048E040F21400C2F20000006C804741F6BA
:10AA10000040C4F20100402101F096FD3AE09DF8AB
:10AA20001F000A2807D1FFE740F21400C2F200001D
:10AA30004068804706E040F21400C2F2000000685F
:10AA40008047FFE740F60000C4F201004FF4805158
:10AA500001F07AFD1EE09DF81F000A2807D1FFE7EC
:10AA600040F21400C2F200000068804709E09DF83F
:10AA70001F1040F21400C2F2000050F8210080477D
:10AA8000FFE740F60000C4F201004FF4006101F05E
:10AA90005BFDFFE740F64A31C2F200010878013061
:10AAA0004CF21D72C1F67142A0FB023202EBC202EF
:10AAB000801A087008B080BD82B001908DF8031034
:10AAC0009DF803200199086862F30000086002B055
:10AAD0007047000081B00090009900200860009944
:10AAE000486000990881009948810099087300998D
:10AAF0004873009988730099C87300990874009985
:10AB0000487401B07047000082B001900091019933
:10AB100008684BF6EF7210400860009802890199AE
:10AB20000868104308600098427C0199086802F0A8
:10AB3000030220F4405040EA023008600098C27BD3
:10AB40000199086802F0030220F4406040EA822084
:10AB500008600098827B0199086802F0030220F4E3
:10AB6000407040EA022008600098427B0199086822
:10AB700002F0010220F0800040EAC2100860009854
:10AB8000027B0199086802F0010220F0400040EACF
:10AB9000821008600098027C0199086802F00102A6
:10ABA00020F0200040EA4210086000984089019996
:10ABB0004860009800680199886000984068019991
:10ABC000C86002B07047000082B001900020009081
:10ABD000019A116821F00101116001990860019941
:10ABE0004860019988600199C860019800900098B8
:10ABF00000F49F60C008802817D8FFE79DF8000088
:10AC000008384CF6CD41CCF6CC41A0FB01016FF0E9
:10AC1000030000EA91010F2000FA01F20421C4F2BE
:10AC200002010868104308601FE0009800F49F606C
:10AC3000C008902818D8FFE79DF8000008384CF6A7
:10AC4000CD41CCF6CC41A0FB01016FF0030000EA3E
:10AC500091010F2000FA01F240F20441C4F2020116
:10AC6000086810430860FFE7FFE702B07047000084
:10AC700080B584B040F2FC00C2F200000090FAF708
:10AC80002FFE014600988DF80F109DF90F10FAF76E
:10AC9000D1FC014640F23830C2F200000170007869
:10ACA000FDF7B4FFFDF7F0FB40F2F410C2F2000034
:10ACB0000190FAF715FE014601988DF80E109DF9E6
:10ACC0000E10FAF7B7FC014641F22450C2F2000020
:10ACD0000170007804F080F902F0D4FF40F2BC006B
:10ACE000C2F200000290FAF7FBFD014602988DF8CF
:10ACF0000D109DF90D10FAF79DFC014640F64F30FE
:10AD0000C2F2000001700078FDF748F9FDF738F84D
:10AD100004B080BD80B5FFF7ABFF80BD80B582B0C9
:10AD200040F60040C4F2010001904FF4006101F0D0
:10AD300015FC01984FF47E7101F006FC02B080BD55
:10AD400080B582B040F60040C4F20100019070214D
:10AD500001F004FC019840F6883101F0F5FB02B0E7
:10AD600080BD000080B584B0039040F64B30C2F245
:10AD7000000000780146029128B1FFE702980128FF
:10AD800000F0618172E1039890F8040138B1FFE7A7
:10AD900040F64B31C2F200010120087067E10398D0
:10ADA00090F8FC00C8BBFFE7039800680021C4F2DC
:10ADB0007021F9F7EFFCC8B9FFE70398006800219C
:10ADC000C4F28C21F9F7F4FC80B9FFE740F64C306F
:10ADD000C2F200000078C00738B9FFE74FF08040AA
:10ADE0000421502204F042FCFFE715E040F64C300D
:10ADF000C2F200000078C00768B9FFE740F64C31A6
:10AE0000C2F20001012008704FF0804004210022AE
:10AE100004F02CFCFFE7FFE714E1039890F8FC0036
:10AE2000012840F0C080FFE7039890F80001012856
:10AE300040F0B980FFE7039890F81001002840F037
:10AE4000B280FFE741F23030C2F20000D0F8F400E7
:10AE500040B9FFE741F23031C2F20001012081F830
:10AE60001301FFE740F64C30C2F200000078C00743
:10AE700070B1FFE7039890F81A01C00738B1FFE7F7
:10AE800040F64C31C2F2000100200870FFE7FFE7F6
:10AE9000039800680021C4F27A31F9F77BFC60BBAB
:10AEA000FFE703990020C4F2C820C1F8C40040F6AF
:10AEB0004C30C2F200000078C007E8B9FFE7039801
:10AEC000D0F8C400F9F7FFFC4FF0333243F23333CC
:10AED000C3F6F773F9F76FFB002244F20003C4F2E4
:10AEE0005403F9F7C1FAF9F7D5FC02464FF0804058
:10AEF000042104F0BBFBFFE754E003980068002145
:10AF0000C4F28C21F9F746FC002843D1FFE70398EF
:10AF100000680021C4F27A31F9F74AFCD0BBFFE7A0
:10AF200040F64C30C2F200000078C00788BBFFE753
:10AF3000039801900068F9F7C6FC49F69A12C9F621
:10AF4000991249F69913C3F6D973F9F734FBF9F757
:10AF5000CDFC0199C1F8C4000398D0F8C400F9F7FA
:10AF6000B2FC4FF0333243F23333C3F6F773F9F7E1
:10AF700022FB002244F20003C4F25403F9F774FAEE
:10AF8000F9F788FC02464FF08040042104F06EFB84
:10AF9000FFE706E04FF080400421002204F066FB4A
:10AFA000FFE7FFE74DE0039890F8FC00012805D18A
:10AFB000FFE7039890F8000130B1FFE7039890F89D
:10AFC000100101283CD1FFE741F23031C2F200010B
:10AFD000002081F81301C1F8BC0040F64C30C2F2E9
:10AFE00000000078C00770B9FFE7039890F81A01D5
:10AFF000C00738B1FFE740F64C31C2F20001002033
:10B000000870FFE7FFE70398D0F8B800F9F75BFC9A
:10B010004FF0333243F23333C3F6F773F9F7CBFA19
:10B02000002244F20003C4F25403F9F71DFAF9F7C1
:10B0300031FC02464FF08040042104F017FBFFE78B
:10B04000FFE7FFE713E04FF080400421FF2204F008
:10B050000DFB039890F8040138B9FFE740F64B3137
:10B06000C2F200010020087001E000E0FFE704B038
:10B0700080BD000080B540F64D30C2F2000000787F
:10B08000C00738B9FFE740F64D31C2F20001012098
:10B090000870FFE705F08CFA80BD000083B00190D6
:10B0A0008DF80310019820B9FFE701208DF80B00FF
:10B0B00024E000208DF802008DF80200FFE79DF8E3
:10B0C000020009280DDCFFE701999DF8022000200D
:10B0D00041F82200FFE79DF8020001308DF80200E0
:10B0E000EDE79DF80300019981F82C0001990020FB
:10B0F0004885019908858DF80B00FFE79DF80B0046
:10B1000003B0704780B582B040F60040C4F2010041
:10B1100001904FF4096101F021FA01984FF45A713E
:10B1200001F012FA02B080BD80B584B00390ADF892
:10B130000A1003208DF8090042F21001C4F2020146
:10B140000191086840F001000860BDF80A00039909
:10B1500008804FF4801000F049F801998DF809003B
:10B16000086820F0010008609DF8090004B080BD67
:10B1700042F21001C4F20201086840F08000086049
:10B180007047000081B003208DF8030042F20C00EC
:10B19000C4F202000068C00720B1FFE700208DF86C
:10B1A00003001FE042F20C00C4F2020000688008B5
:10B1B000C00720B1FFE701208DF8030011E042F243
:10B1C0000C00C4F2020000680009C00720B1FFE7CC
:10B1D00002208DF8030003E003208DF80300FFE751
:10B1E000FFE7FFE79DF8030001B0704780B584B02A
:10B1F000039003208DF80B00FFF7C4FF8DF80B00C0
:10B20000FFE79DF80B100020019031B9FFE703988C
:10B21000002818BF01200190FFE70198C00740B146
:10B22000FFE7FFF7AFFF8DF80B000398013803909D
:10B23000E7E7039820B9FFE704208DF80B00FFE74C
:10B240009DF80B0004B080BD80B584B0039003204E
:10B250008DF80B0042F21001C4F20201019108685E
:10B2600040F002000860039842F21402C4F20202A5
:10B270001060086840F0400008604FF08040FFF721
:10B28000B5FF01998DF80B00086820F002000860F6
:10B290009DF80B0004B080BD80B5FAF779FF80BD42
:10B2A00042F20401C4F2020140F22310C4F26750DA
:10B2B000086048F6AB10CCF6EF500860704700000D
:10B2C00080B584B00390029103208DF8070042F20C
:10B2D0001001C4F202010091086840F0010008600A
:10B2E0000298039908604FF48010FFF77FFF0099E0
:10B2F0008DF80700086820F0010008609DF807003D
:10B3000004B080BD82B00190019800688DF8000003
:10B31000019801300190019800688DF801009DF8B6
:10B3200001109DF8000040EA0120ADF80200BDF8D0
:10B33000020002B07047000080B582B040F60040C5
:10B34000C4F20100019040F6C80101F007F901982C
:10B350004FF44C7101F0F8F802B080BD80B584B0B4
:10B360008DF80F009DF80F1042F20040C4F201006A
:10B370000190012202920723FCF7D6FB0198029963
:10B38000FCF7D8FCFFE742F20040C4F201000221C2
:10B39000FCF7B0FB08B9FFE7F5E742F20040C4F262
:10B3A0000100FCF773FC04B080BD000080B582B0E2
:10B3B00041F20000C4F20100202101F08DF920B912
:10B3C000FFE701208DF8070003E000208DF807005B
:10B3D000FFE79DF8070002B080BD000080B582B095
:10B3E00040F60040C4F20100012101F075F920B9D6
:10B3F000FFE701208DF8070003E000208DF807002B
:10B40000FFE79DF8070002B080BD000080B582B064
:10B4100040F60040C4F20100022101F05DF920B9BC
:10B42000FFE701208DF8070003E000208DF80700FA
:10B43000FFE79DF8070002B080BD000080B584B032
:10B44000039000208DF80B0040F65C30C2F2000043
:10B4500000780146019128B1FFE70198012800F02A
:10B46000AD80CCE0039890F8000170B1FFE703983D
:10B4700090F80001012840F09B80FFE7039890F8C6
:10B480001001012840F09480FFE703980068002134
:10B49000C4F21641F9F77EF920B9FFE701208DF8D3
:10B4A0000B001CE0039800680021C4F28C21F9F71E
:10B4B0008DF920B9FFE702208DF80B000EE003980C
:10B4C000D0F8C0000021C4F2C821F9F771F920B901
:10B4D000FFE703208DF80B00FFE7FFE7FFE79DF88C
:10B4E0000B0000285ED0FFE70399B1F8900001300F
:10B4F000A1F890009DF80B0001281DD1FFE70398EB
:10B50000B0F89000652817DBFFE70399022081F867
:10B51000040141F23031C2F2000181F8120181F8D8
:10B52000130103990020A1F8900040F65C31C2F2AB
:10B5300000010120087034E09DF80B00022805D0BE
:10B54000FFE79DF80B0003282AD1FFE70398B0F826
:10B550009000B0F5C87F23DDFFE79DF80B000228BF
:10B5600005D1FFE70399012081F8040104E0039964
:10B57000032081F80401FFE741F23031C2F20001FB
:10B58000022081F8120181F8130103990020A1F82B
:10B59000900040F65C31C2F2000101200870FFE724
:10B5A000FFE704E003990020A1F89000FFE704E022
:10B5B00003990020A1F89000FFE727E0039890F896
:10B5C000000101281AD1FFE7039890F81001A8B9EB
:10B5D000FFE70399002081F804010399A1F8900086
:10B5E00041F23031C2F200014862C862C1F8BC00C9
:10B5F00040F65C31C2F200010870FFE706E040F659
:10B600005C31C2F2000100200870FFE704B080BD89
:10B6100080B582B0019041F20000C4F20100042123
:10B6200001F05AF828B1FFE70199002081F80001E4
:10B6300004E00199012081F80001FFE702B080BD1C
:10B6400080B582B00190019890F8FC00014600910D
:10B6500048B1FFE7009801286FD0FFE70098022863
:10B6600000F0C980FCE0019890F81001002845D155
:10B67000FFE7019890F8000198B9FFE701990120D0
:10B6800081F8FC0041F23031C2F20001FA20C1F829
:10B69000EC00C1F8F40000204862C862C1F8BC00A8
:10B6A0002BE0019890F80001012825D1FFE70199CE
:10B6B000002081F8FC0041F23030C2F20000D0F8E6
:10B6C000EC0040B9FFE741F23031C2F20001032043
:10B6D00081F81201FFE741F23030C2F20000D0F8E9
:10B6E000F40040B9FFE741F23031C2F2000103201B
:10B6F00081F81301FFE7FFE7FFE719E0019890F8F1
:10B700001001012813D1FFE70199012081F8FC0005
:10B7100041F23031C2F20001FA20C1F8EC00C1F868
:10B72000F40000204862C862C1F8BC00FFE7FFE7F0
:10B7300001990020A1F8900093E0019890F8000191
:10B7400001282AD1FFE7019890F8100128BBFFE7F4
:10B75000019800680021C4F28C21F9F737F8D8B9B4
:10B76000FFE70199B1F8CC000130A1F8CC000198B5
:10B77000B0F8CC0033280EDBFFE70199002081F8F8
:10B78000FC000199A1F8CC0041F23031C2F2000175
:10B7900081F8190165E0FFE72CE0019890F81001AD
:10B7A000012805D0FFE7019890F8000108BBFFE7EA
:10B7B0000199012081F8FC0040F65D30C2F20000E2
:10B7C0000078A8B9FFE740F65D31C2F20001012020
:10B7D000087041F23031C2F20001FA20C1F8EC00E9
:10B7E000C1F8F40000204862C862C1F8BC00FFE75D
:10B7F000FFE7FFE735E041F23030C2F20000D0F859
:10B800008C000021F8F7F0FF90B9FFE7019890F85D
:10B81000000160B9FFE70199012081F8FC0041F2C5
:10B820003031C2F200010020C1F88C00FFE716E0C1
:10B83000019890F8000128B9FFE70199012081F8EB
:10B84000FC000BE0019890F80001012805D1FFE70A
:10B850000199002081F8FC00FFE7FFE7FFE700E027
:10B86000FFE702B080BD000080B582B04FF200401B
:10B87000C0F60100FFF746FDF8F7CDFF41F2303189
:10B88000C2F20001019108624FF20240C0F60100CD
:10B89000FFF738FDF8F7BFFF0199C1F8B8004FF284
:10B8A0000440C0F60100FFF72DFDF8F7B4FF019941
:10B8B000C1F894004FF20640C0F60100FFF722FDE8
:10B8C000F8F7A9FF0199C1F8AC004FF20840C0F6A3
:10B8D0000100FFF717FDF8F79EFF0199C1F89800E6
:10B8E0004FF20A40C0F60100FFF70CFDF8F793FF96
:10B8F0000199C1F8B0004FF20C40C0F60100FFF70B
:10B9000001FDF8F788FF0199C1F89C004FF20E4045
:10B91000C0F60100FFF7F6FCF8F77DFF0199C1F8CA
:10B92000B4004FF21040C0F60100FFF7EBFCF8F74F
:10B9300072FF019908634FF21240C0F60100FFF751
:10B94000E1FCF8F768FF0199C1F8A0004FF214403C
:10B95000C0F60100FFF7D6FCF8F75DFF0199C1F8CA
:10B96000A4004FF21640C0F60100FFF7CBFCF8F739
:10B9700052FF0199C1F8A8004FF21840C0F601002B
:10B98000FFF7C0FC019981F80A014FF21A40C0F696
:10B990000100FFF7B7FC019981F80C014FF21C4040
:10B9A000C0F60100FFF7AEFCF8F735FF0199086417
:10B9B0004FF21E40C0F60100FFF7A4FCF8F72BFF82
:10B9C000019948654FF22040C0F60100FFF79AFC4C
:10B9D000019981F80E014FF22240C0F60100FFF7F5
:10B9E00091FC019981F810014FF22440C0F601004A
:10B9F000FFF788FCF8F70FFF0199C1F8800002B04B
:10BA000080BD000080B582B04FF60040C0F6010056
:10BA1000FFF778FCF8F7FFFE41F23031C2F2000187
:10BA2000019108624FF60240C0F60100FFF76AFC80
:10BA3000F8F7F1FE0199C1F8B8004FF60440C0F6DE
:10BA40000100FFF75FFCF8F7E6FE0199C1F89400EA
:10BA50004FF60640C0F60100FFF754FCF8F7DBFE96
:10BA60000199C1F8AC004FF60840C0F60100FFF79D
:10BA700049FCF8F7D0FE0199C1F898004FF60A404A
:10BA8000C0F60100FFF73EFCF8F7C5FE0199C1F8CA
:10BA9000B0004FF60C40C0F60100FFF733FCF8F79A
:10BAA000BAFE0199C1F89C004FF60E40C0F60100A5
:10BAB000FFF728FCF8F7AFFE0199C1F8B4004FF684
:10BAC0001040C0F60100FFF71DFCF8F7A4FE019935
:10BAD00008634FF61240C0F60100FFF713FCF8F7B9
:10BAE0009AFE0199C1F8A0004FF61440C0F601007B
:10BAF000FFF708FCF8F78FFE0199C1F8A4004FF694
:10BB00001640C0F60100FFF7FDFBF8F784FE01992F
:10BB1000C1F8A8004FF61840C0F60100FFF7F2FB8D
:10BB2000019981F80A014FF61A40C0F60100FFF7AB
:10BB3000E9FB019981F80C014FF61C40C0F60100A9
:10BB4000FFF7E0FBF8F767FE019908644FF61E4027
:10BB5000C0F60100FFF7D6FBF8F75DFE01994865D6
:10BB60004FF62040C0F60100FFF7CCFB019981F8A9
:10BB70000E014FF62240C0F60100FFF7C3FB01990A
:10BB800081F810014FF62440C0F60100FFF7BAFB20
:10BB9000F8F741FE0199C1F8800002B080BD0000B5
:10BBA00080B58AB0FFF702FCD8B9FFE7FFF716FCB3
:10BBB000B8B9FFE7FFF72AFC98B9FFE700F0F0FA01
:10BBC00078B9FFE700F004FB58B9FFE700F018FB75
:10BBD00038B9FFE740F65E31C2F20001002008707C
:10BBE000FFE700208DF82700FFE79DF827000528D4
:10BBF00019DCFFE79DF8271040F25010C2F2000058
:10BC000000EB0110052100F061FE9DF8272040F2B5
:10BC10004911C2F200018854FFE79DF82700013066
:10BC20008DF82700E1E740F65E30C2F200000078B0
:10BC3000C007002840F07582FFE740F24910C2F2C9
:10BC400000000078C8BBFFE741F23030C2F20000CC
:10BC50000890D0F894100162006A0021C4F210111B
:10BC6000F8F792FB0021C4F2A001F8F7BFFB4FF0F8
:10BC70008441F8F731FB089A9062D2F8AC00C2F820
:10BC8000B800012082F8E800002182F8121182F841
:10BC90001311FA23C2F8EC30C2F8F430C2F8BC1029
:10BCA0005162D16240F2E412C2F20002517140F6D8
:10BCB0005E31C2F20001087083E040F24910C2F226
:10BCC00000004078D0BBFFE741F23030C2F2000004
:10BCD0000790D0F898100162006A0021C4F2101198
:10BCE000F8F752FB0021C4F2A001F8F77FFB4FF0F8
:10BCF0008441F8F7F1FA07998862D1F8B000C1F8E9
:10BD0000B800022081F8E800002081F8120181F8D3
:10BD10001301FA22C1F8EC20C1F8F420C1F8BC00EC
:10BD20004862C86240F2E411C2F20001487140F674
:10BD30005E31C2F200010120087041E040F249107A
:10BD4000C2F200008078D0BBFFE741F23030C2F28F
:10BD500000000690D0F89C100162006A0021C4F235
:10BD60001011F8F711FB0021C4F2A001F8F73EFB17
:10BD70004FF08441F8F7B0FA06998862D1F8B40020
:10BD8000C1F8B800032081F8E800002081F8120112
:10BD900081F81301FA22C1F8EC20C1F8F420C1F8AF
:10BDA000BC004862C86240F2E411C2F2000148716E
:10BDB00040F65E31C2F2000101200870FFE7FFE7A4
:10BDC000FFE740F24910C2F20000C07878BBFFE7FD
:10BDD00041F23030C2F200000590D0F8A0100163AB
:10BDE000006B0021C4F21011F8F7CEFA0021C4F262
:10BDF000A001F8F7FBFA4FF08441F8F76DFA059AC5
:10BE00009063012082F8E900002182F81411FA23DE
:10BE1000C2F8F0305163D16340F2E412C2F2000282
:10BE2000517140F65E31C2F20001087078E140F2D3
:10BE30004910C2F20000007980BBFFE741F23030C8
:10BE4000C2F200000490D0F8A4100163006B00213E
:10BE5000C4F21011F8F798FA0021C4F2A001F8F723
:10BE6000C5FA4FF08441F8F737FA04998863022045
:10BE700081F8E900002081F81401FA22C1F8F020CD
:10BE80004863C86340F2E411C2F20001487140F611
:10BE90005E31C2F200010120087040E140F2491019
:10BEA000C2F20000407980BBFFE741F23030C2F2BD
:10BEB00000000390D0F8A8100163006B0021C4F2C9
:10BEC0001011F8F761FA0021C4F2A001F8F78EFA18
:10BED0004FF08441F8F700FA03998863032081F852
:10BEE000E900002081F81401FA22C1F8F02048632B
:10BEF000C86340F2E411C2F20001487140F65E31BD
:10BF0000C2F200010120087008E140F24910C2F2BB
:10BF100000000078022827D1FFE741F23031C2F259
:10BF200000010291086AC1F89400D1F8B800C1F884
:10BF3000AC00012081F8E800042281F8122181F888
:10BF400013214FF4FA72C1F8EC20C1F8F42081F803
:10BF5000F80040F2E411C2F20001487140F65E318F
:10BF6000C2F200010870D8E040F24910C2F20000AD
:10BF70004078022828D1FFE741F23031C2F20001B7
:10BF80000191086AC1F89800D1F8B800C1F8B00072
:10BF9000022081F8E800042081F8120181F81301E1
:10BFA0004FF4FA70C1F8EC00C1F8F400012081F8F8
:10BFB000F80040F2E411C2F20001487140F65E312F
:10BFC000C2F200010870A7E040F24910C2F200007E
:10BFD0008078022828D1FFE741F23031C2F2000117
:10BFE0000091086AC1F89C00D1F8B800C1F8B4000B
:10BFF000032081F8E800042081F8120181F8130180
:10C000004FF4FA70C1F8EC00C1F8F400012081F897
:10C01000F80040F2E411C2F20001487140F65E31CE
:10C02000C2F20001087076E040F24910C2F200004E
:10C03000C07802281ED1FFE741F23031C2F2000180
:10C04000086BC1F8A000012081F8E900042281F802
:10C0500014214FF4FA72C1F8F02081F8F90040F28F
:10C06000E411C2F20001487140F65E31C2F20001F3
:10C0700008704FE040F24910C2F200000079022837
:10C080001FD1FFE741F23031C2F20001086BC1F865
:10C09000A400022081F8E900042081F814014FF483
:10C0A000FA70C1F8F000012081F8F90040F2E411C3
:10C0B000C2F20001487140F65E31C2F20001087020
:10C0C00027E040F24910C2F20000407902281FD157
:10C0D000FFE741F23031C2F20001086BC1F8A8005D
:10C0E000032081F8E900042081F814014FF4FA706C
:10C0F000C1F8F000012081F8F90040F2E411C2F229
:10C100000001487140F65E31C2F200010870FFE79D
:10C11000FFE7FFE7FFE7FFE7FFE7FFE7FFE7FFE7EF
:10C12000FFE70AB080BD000041F23031C2F20001E9
:10C130000022C4F2BE320A620A630020C4F2A020C8
:10C14000C1F8B8000023C4F2A033C1F89430C1F89C
:10C15000A0300023C4F24823C1F8AC300023C4F25D
:10C16000AF33C1F89830C1F8A4300023C4F2702373
:10C17000C1F8B030C1F89C20C1F8A820C1F8B400C3
:10C18000002081F80A01012281F80C210864486529
:10C1900081F80E0181F81001C1F88000704700009D
:10C1A00080B582B041F60040C4F20100202100F0C9
:10C1B00093FA20B9FFE701208DF8070003E0002083
:10C1C0008DF80700FFE79DF8070002B080BD000072
:10C1D00080B582B040F60000C4F20100102100F0EA
:10C1E0007BFA20B9FFE701208DF8070003E000206B
:10C1F0008DF80700FFE79DF8070002B080BD000042
:10C2000080B582B040F60000C4F20100202100F0A9
:10C2100063FA20B9FFE701208DF8070003E0002052
:10C220008DF80700FFE79DF8070002B080BD000011
:10C2300080B541F23030C2F2000090F8FE000128D3
:10C2400040F0B080FFE741F23030C2F200000069F8
:10C250000021C4F21641F8F7B9FAB0B9FFE741F28C
:10C260003030C2F2000000690021C4F28C21F8F7DE
:10C2700091FA50B9FFE741F23030C2F2000090F875
:10C280000801012840F08380FFE741F23030C2F21C
:10C290000000B0F892100131A0F89210B0F89200AE
:10C2A000012815D1FFE741F23030C2F2000090F8CA
:10C2B000080101280BD1FFE741F23031C2F2000141
:10C2C000052081F80601022081F81401FFE7FFE74D
:10C2D00041F23030C2F20000B0F89200C82855DBBD
:10C2E000FFE741F23030C2F2000090F80801012867
:10C2F0000BD1FFE741F23031C2F20001052081F895
:10C300000601022081F814013FE041F23030C2F210
:10C31000000000690021C4F21641F8F72DFA50B967
:10C32000FFE741F23031C2F20001022081F806013C
:10C3300081F8140128E041F23030C2F200000069B7
:10C340000021C4F28C21F8F733FAE0B9FFE741F29B
:10C350003030C2F2000090F80201A0B9FFE741F2CC
:10C360003030C2F2000090F8060104280BD0FFE73D
:10C3700041F23031C2F20001012081F806010220B1
:10C3800081F81401FFE7FFE7FFE7FFE709E041F26B
:10C390003031C2F200010020A1F8920081F80601BC
:10C3A000FFE714E041F23030C2F200000021A0F8B3
:10C3B000921090F80601042808D0FFE741F23031CE
:10C3C000C2F20001002081F80601FFE7FFE780BD0F
:10C3D00080B541F20000C4F201004FF4004100F0CA
:10C3E0007BF9012826D1FFE740F66030C2F2000059
:10C3F00001780131017040F66132C2F20002002181
:10C4000011700078042814DBFFE740F66030C2F2B8
:10C4100000000021017041F23030C2F2000080F8CB
:10C42000021190F8020140F65F31C2F2000108707B
:10C43000FFE726E040F66130C2F2000001780131EA
:10C44000017040F66032C2F20002002111700078E3
:10C45000042815DBFFE740F66131C2F2000100203D
:10C46000087041F23030C2F20000012180F8021160
:10C4700090F8020140F65F31C2F200010870FFE758
:10C48000FFE741F20000C4F20100022100F024F9AC
:10C4900040B9FFE741F23031C2F20001002081F8DB
:10C4A000080107E041F23031C2F20001012081F8B9
:10C4B0000801FFE780BD000080B586B00020019034
:10C4C0000590049000F064FE0146019803910290EB
:10C4D000FFE70298011D029190BBFFE7FDF772F89C
:10C4E00000900846009941F26842C2F20002D2E987
:10C4F0000032C918504104910590049A059841F200
:10C500005041C2F20001D1E90031D21A884109DA62
:10C51000FFE741F25040C2F20000D0E9000105916E
:10C52000049008E00498059941F25042C2F20002DA
:10C53000C2E90001FFE7FFE7039800F03BFFC8E70F
:10C540000498059906B080BD82B00190ADF8021044
:10C55000BDF802000199486102B0704782B00190B5
:10C56000ADF80210BDF802000199086102B07047F1
:10C5700081B0009000994FF6FF700860009900208C
:10C580008871009908710099042048710099012070
:10C59000C87101B07047000084B003900291029806
:10C5A0000068ADF8000002988079032804D1FFE705
:10C5B0000020ADF802002FE002988079E0B9FFE793
:10C5C0000298407900F00F00ADF80200029840791F
:10C5D000182805D1FFE7BDF80000039908610AE0BB
:10C5E00002984079282805D1FFE7BDF8000003999B
:10C5F0004861FFE7FFE70EE002990A798879C97977
:10C6000000F0080002F00402104401F003010844A5
:10C61000ADF80200FFE7FFE79DF8000040B3FFE739
:10C6200000200190FFE70198072820D8FFE7019933
:10C63000BDF80000C840C007A0B1FFE70198810025
:10C640000F2000FA01F20399086890430860BDF8D2
:10C6500002000199890000FA01F203990868104369
:10C660000860FFE7FFE7019801300190DBE7FFE793
:10C67000BDF80000B0F5807F2CDBFFE79DF80100DE
:10C68000ADF8000000200190FFE70198072820D8AE
:10C69000FFE70199BDF80000C840C007A0B1FFE75F
:10C6A000019881000F2000FA01F203994868904335
:10C6B0004860BDF802000199890000FA01F203996F
:10C6C000486810434860FFE7FFE701980130019098
:10C6D000DBE7FFE704B0704782B00190ADF80210CD
:10C6E00000208DF80100BDF8020001998968014021
:10C6F000884204D0FFE700208DF8010003E001200C
:10C700008DF80100FFE79DF8010002B070470000BE
:10C7100085B004908DF80F109DF813000021C4F22D
:10C72000010108430290BDF812008DF8030004983F
:10C73000000A8DF8020004988DF801009DF80200AF
:10C740009DF803100844C0F120014FF0FF308840ED
:10C75000019001989DF802109DF803201144C1F149
:10C760002001C840019001989DF80310C840019035
:10C7700001989DF8031088400190019A0299086879
:10C78000904308609DF80F0058B1FFE79DF8010045
:10C790009DF8031000FA01F202990868104308603E
:10C7A000FFE705B07047000080B582B040F6623008
:10C7B000C2F200000078022815D1FFE7FEF770FDF5
:10C7C00043F60000C0F600000190FEF73DFD019821
:10C7D00044F63831C4F25411FEF772FDFEF7C8FC7E
:10C7E00000F02CFCFFE702B080BD000080B543F6EE
:10C7F0000000C0F60000006844F63831C4F254115D
:10C8000088420BD1FFE7FEF74BFD43F60000C0F670
:10C810000000FEF719FDFEF7ABFCFFE780BD00004E
:10C8200080B5FFF7C1FF80BD80B584B08DF80F00E3
:10C83000002000908DF80E0000F0AAFC0146009840
:10C8400002910190FFE70198011D019178B9FFE77E
:10C850009DF80F0000F0010000F0CCFC8DF80E00F8
:10C8600000F08EFCFFE7029800F0A4FDEBE703F078
:10C87000D5FB41F26841C2F200010020C1E900008D
:10C8800041F27041C2F20001C1E9000041F2784179
:10C89000C2F20001C1E9000041F25041C2F20001C0
:10C8A000C1E9000041F26041C2F20001C1E90000AB
:10C8B00041F25841C2F20001C1E90000FBF770F8F3
:10C8C0009DF80E0000F0010004B080BD80B584B07A
:10C8D00003900291039800780146019103286BD8D8
:10C8E0000199DFE801F0021A5D48039900204860D1
:10C8F0000398C0688047012804D1FFE7039901200D
:10C90000087009E040F24F11C2F2000104200870E3
:10C91000039900200870FFE74EE00398C068804745
:10C92000012805D1FFE70399486801304860FFE717
:10C930000398C068804720B9FFE703990220087078
:10C94000FFE703998868013888600398806888B990
:10C95000FFE703990A20886003984068029988429B
:10C9600004DBFFE703990320087025E00399022008
:10C97000087021E020E00398C068804701280AD1B0
:10C98000FFE703990320087040F24F11C2F2000143
:10C990000220087003E0039900200870FFE70BE015
:10C9A00003990A20886003990020087040F24F1113
:10C9B000C2F200010870FFE740F24F10C2F200001F
:10C9C000007804B080BD000080B5FFF7E9F840F2C0
:10C9D0004910C2F20000C078042810D1FFE740F2ED
:10C9E0004910C2F200000079042808D1FFE740F2A4
:10C9F0004910C2F200004079042823D0FFE741F239
:10CA00003030C2F2000090F8FE0040B9FFE741F27A
:10CA10003031C2F20001022081F8FE0011E041F243
:10CA20003030C2F2000090F8FE00022808D1FFE783
:10CA300041F23031C2F200010020C1F88C00FFE762
:10CA4000FFE7FFE780BD000080B5FFF7BDFF80BDB9
:10CA500080B541F23030C2F2000090F81501C007F5
:10CA600068B9FFE741F23031C2F2000191F81201DA
:10CA700091F8132191F81411F8F7DAFA08E041F26D
:10CA80003030C2F2000090F81601F8F70DF9FFE718
:10CA900041F23030C2F2000090F80A0140B9FFE7DD
:10CAA00041F20000C4F201000121FFF74DFD11E049
:10CAB00041F23030C2F2000090F80A01012808D19A
:10CAC000FFE741F20000C4F201000121FFF746FD3B
:10CAD000FFE7FFE780BD00007047000080B584B02D
:10CAE000ADF80C0000208DF80B00ADF808008DF8B3
:10CAF000070041F23030C2F20000D0F8B800002147
:10CB0000C4F2A011F7F738FE002872D1FFE7BDF894
:10CB10000C00B0F5967F30DAFFE700208DF80700B3
:10CB20006421ADF808108DF80B00FFE79DF80B00AD
:10CB3000132821DCFFE7BDF80C00BDF808109DF8B4
:10CB40000720114488420ADCFFE79DF80B1040F2F1
:10CB5000B010C2F20000405C8DF80F00DAE0BDF8C2
:10CB600008000A30ADF80800FFE7FFE79DF80B006A
:10CB700001308DF80B00D9E731E000208DF8070077
:10CB80004FF49670ADF8080014208DF80B00FFE705
:10CB90009DF80B00272821DCFFE7BDF80C00BDF84D
:10CBA00008109DF80720114488420ADCFFE79DF831
:10CBB0000B1040F2B010C2F20000405C8DF80F0084
:10CBC000A8E0BDF808000A30ADF80800FFE7FFE76D
:10CBD0009DF80B0001308DF80B00D9E7FFE79DF8B9
:10CBE0000B1040F2B010C2F20000405C8DF80F0054
:10CBF00090E041F23030C2F20000D0F8B8000021DD
:10CC0000C4F2A011F7F7E2FD00287ED1FFE741F260
:10CC10003030C2F20000D0F8B8000021F7F7ACFDC8
:10CC2000002872D1FFE7BDF80C00B0F5967F30DA2E
:10CC3000FFE700208DF807006421ADF808108DF89B
:10CC40000B00FFE79DF80B00132821DCFFE7BDF880
:10CC50000C00BDF808109DF80720114488420ADC3A
:10CC6000FFE79DF80B1040F22D20C2F20000405C5F
:10CC70008DF80F004EE0BDF808000A30ADF808004E
:10CC8000FFE7FFE79DF80B0001308DF80B00D9E7B7
:10CC90003AE000208DF807004FF49670ADF80800D8
:10CCA00014208DF80B00FFE79DF80B00272821DCEE
:10CCB000FFE7BDF80C00BDF808109DF807201144EF
:10CCC00088420ADCFFE79DF80B1040F22D20C2F2EB
:10CCD0000000405C8DF80F001CE0BDF808000A3031
:10CCE000ADF80800FFE7FFE79DF80B0001308DF875
:10CCF0000B00D9E79DF80B1040F22D20C2F2000086
:10CD0000405C8DF80F0005E0FFE7FFE700208DF89D
:10CD10000F00FFE79DF90F0004B080BD80B58AB019
:10CD20000020089009904FF000604FF4804100F01F
:10CD300087F903F003FF03F0B1FE03F007FD03F0F2
:10CD400049FE03F067FF03F041FD03F009FD089B76
:10CD50000820C4F20200019019461A4603F024FD8F
:10CD6000019801210791FDF7A7FE04F0D5F803F023
:10CD70005BFC03F07DFF03F0EFFF04F059F803F0D4
:10CD8000CBFC04F02DF902F0DBFF41F2E450C2F2DB
:10CD90000000039082684CF62100C0F600000A21D2
:10CDA0009047039882684BF27500C0F6000064213A
:10CDB00002919047039882684DF20110C0F600007E
:10CDC00002210491904704990398826848F6E17023
:10CDD000C0F6000090470799039882684AF61550FC
:10CDE000C0F600009047039882684BF29920C0F685
:10CDF0000000322190470299039882684CF649203E
:10CE0000C0F6000090470799039882684CF6D92035
:10CE1000C0F600009047039882684DF2C100C0F64A
:10CE2000000005219047FFF7E1FCF7F785FE079921
:10CE300040F20830C2F20000FEF730F9049941F2E6
:10CE4000F440C2F20000FEF729F941F2E800C2F214
:10CE500000000321FEF722F969464BF60000C4F2F8
:10CE60000870086040F2CC20C2F200000021C4F239
:10CE700048414FF0814244F20003C4F29C63FAF748
:10CE800045F8694648F20000C4F2BB40086041F230
:10CE90008840C2F200000021C4F2F0114FF07E522F
:10CEA00005920023C4F220130693FAF72FF8059A8F
:10CEB000069B694645F20000C4F25050086041F2FA
:10CEC000B440C2F200000021C4F24821FAF71EF873
:10CED00041F23030C2F20000F9F79EF80798FFF7F0
:10CEE000A3FC07990898F8F765FFFFE741F2E450C3
:10CEF000C2F2000040688047F8E7000080B586B0C5
:10CF000004900498408D092826DCFFE7049890F8E7
:10CF10002C00FEF723FAF7F77EFC04994A8D41F8BE
:10CF2000220004980390418D50F821100291008D49
:10CF3000F7F771FC0299F7F7CFF9F7F77EFC039941
:10CF400008850499488D013048850499088D498DDC
:10CF5000B0FBF1F005901BE00499088D49F69A1298
:10CF6000C1F699120192A0FB0232801A088504983A
:10CF700090F82C00FEF7F2F901990346049A108DFF
:10CF8000184410850498008DA0FB01100590FFE760
:10CF9000059806B080BD000080B582B040F6004024
:10CFA000C4F2010001904FF42461FFF7D7FA019811
:10CFB0004FF4DC71FFF7C8FA02B080BD80B582B0D3
:10CFC00040F60040C4F2010001904FF40861FFF701
:10CFD000C5FA01984FF45E71FFF7B6FA02B080BD52
:10CFE00080B540F60040C4F2010040F6F831FFF78A
:10CFF000B5FA80BD80B584B08DF80F000291019222
:10D0000000200090FAF748FC0299019AF9F71EFFF8
:10D0100000909DF90F000099FAF768FC9DF90F0048
:10D02000FAF71AFC04B080BD80B582B08DF8070015
:10D030009DF80700FAF77CFC02B080BDFAF796FC79
:10D0400082B001900091019800994FF68072C1F66C
:10D05000FF72114008434EF60851CEF200010860FD
:10D0600002B0704780B582B040F60040C4F20100C3
:10D07000019040F6C831FFF771FA01983021FFF7AF
:10D0800063FA02B080BD000080B582B041F230305A
:10D09000C2F200000190FEF7BBFA0198FEF7D0FA49
:10D0A0000198FEF7CBF9019800F03AFAFDF7ACF9D8
:10D0B000FFF78EF9FFF7BCF8FDF7BEFA02B080BDAE
:10D0C00080B5FFF7E1FF80BD80B541F21810C2F2D4
:10D0D00000000178013101700078052809DBFFE7C5
:10D0E00000F012F841F21811C2F20001002008709D
:10D0F000FFE741F21C10C2F20000F9F7C1FF80BD4A
:10D1000080B5FFF7E1FF80BD80B588B040F2D9104F
:10D11000C2F2000000780146079140B1FFE707988E
:10D1200001281ED0FFE70798022826D026E069468E
:10D13000002048610861C860886048600A20086073
:10D1400041F21C10C2F20000012319461A46FAF7F8
:10D15000D5FA00BF40F2D911C2F2000102200870D6
:10D160000CE040F2D911C2F200010220087040F632
:10D170006231C2F20001087000E0FFE708B080BD34
:10D180004EF60451CEF200014FF000700860704777
:10D1900082B0EFF3108001900198009072B6009871
:10D1A00002B0704782B0EFF31080019001980090B8
:10D1B00072B6009802B070474EF21400CEF2000032
:10D1C00000684EF21801CEF200010968401A4FF0D3
:10D1D000000161F10001704740F21000C2F200004E
:10D1E000006870474EF21400CEF200000068002183
:10D1F0007047000080B584B08DF80F00FFE79DF800
:10D200000F00C00708B1FFE724E0FFF7CBFF029053
:10D2100000200190FFE70198011D0191C8B9FFE7C7
:10D220004EF21001CEF20001002008604EF214030D
:10D23000CEF200036FF07F421A604EF21802CEF277
:10D240000002106007200860FFE7029800F0BCF8B9
:10D25000E1E7FFE7012004B080BD000010B594B005
:10D26000FFF7C0FF059008460599013140F1000025
:10D2700012911390FFF78CFF119000201090FFE7A0
:10D280001098011D1091002846D1FFE7DDF848C035
:10D29000139B41F26842C2F20002D2E9000110EB96
:10D2A0000C005941C2E90001FFE741F28040C2F29F
:10D2B000000004900168129A1398891840F1000048
:10D2C0000E910F900E980F9940F2DC12C2F20002FC
:10D2D000039212680023F6F7A8FF039A0B460499FD
:10D2E0000D930C900C9CDDF834E041F2704CC2F2CE
:10D2F000000CDCE90003001943EB0E03CCE900034A
:10D300000E9B0C98126800FB12300860FFE7FFE7E5
:10D31000119800F04FF8B3E7FFF73AFF0B900020A9
:10D320000A90FFE70A98011D0A91C0BBFFE7FFE7DB
:10D3300041F28440C2F2000002900168129A1398F0
:10D34000891840F10000089109900898099940F265
:10D35000E012C2F20002019212680023F6F765FFA4
:10D36000019A0B46029907930690069CDDF81CE093
:10D3700041F2784CC2F2000CDCE90003001943EBE7
:10D380000E03CCE90003089B0698126800FB1230DC
:10D390000860FFE7FFE70B9800F00CF8C2E714B055
:10D3A00010BD00004EF60450CEF200000068C0F33D
:10D3B0008060704782B0009000980190019880F3DF
:10D3C000108802B07047000082B000900098019071
:10D3D000019880F3108802B07047000084B0039079
:10D3E0000291ADF80620002000900399088003996F
:10D3F00048800299039A9160BDF80610039A9180C3
:10D400000090FFE700980399898888420ADAFFE7CD
:10D4100003988168009A00208854FFE70098013043
:10D420000090EFE7002004B07047000081B000904A
:10D43000009908884988401AB0FA80F0400901B084
:10D440007047000081B0009000990888431C8A88CA
:10D45000B3FBF2F000FB12304988401AB0FA80F0BA
:10D46000400901B07047000080B584B0029001917E
:10D470000298FFF7DBFF20B1FFE702208DF80F00D5
:10D4800012E0029988684988405C01990870029905
:10D490004888431C8A88B3FBF2F000FB12304880B6
:10D4A00000208DF80F00FFE79DF80F0004B080BD4D
:10D4B00080B584B002908DF807100298FFF7C2FF84
:10D4C00020B1FFE701208DF80F0012E09DF8070062
:10D4D000029A91681288885402990888431C8A88A5
:10D4E000B3FBF2F000FB1230088000208DF80F0033
:10D4F000FFE79DF80F0004B080BD000080B582B04A
:10D5000040F60040C4F20100019040F67811FFF7A8
:10D5100025F801984FF42071FFF716F802B080BD8E
:10D5200080B582B00190019890F8FC0028B1FFE727
:10D53000019890F8040190B1FFE741F20000C4F2B5
:10D5400001001021FFF700F80199002081F81A016D
:10D5500040F2DA11C2F200013C20088038E0019864
:10D5600090F8FC00012832D1FFE7019890F80401FF
:10D5700068BBFFE7019890F8000140BBFFE741F26C
:10D580000000C4F201001021FEF7E8FF019890F8B6
:10D590001A01C00740B9FFE740F2DA11C2F20001F8
:10D5A000088801380880FFE740F2DA10C2F2000074
:10D5B000008858B9FFE70199012081F81A0140F26B
:10D5C000DA11C2F200013C200880FFE7FFE7FFE725
:10D5D00002B080BD80B582B040F60040C4F20100C8
:10D5E00001904FF43C61FEF7B9FF01983821FEF736
:10D5F000ABFF02B080BD000080B582B040F60040B5
:10D60000C4F2010001904FF40161FEF7A7FF0198F9
:10D610004FF47A71FEF798FF02B080BD80B582B0FA
:10D6200040F60040C4F20100019040F6F811FEF708
:10D6300095FF01984FF40071FEF786FF02B080BDA0
:10D6400080B588B041F23031C2F20001079108691B
:10D65000496DF6F793FE079941F2E842C2F20002E3
:10D66000106041F2E440C2F200000068096BF7F775
:10D67000BBF8B8B9FFE741F2B440C2F20000F9F7D5
:10D680003DFC41F23030C2F20000006B41F2E44157
:10D69000C2F20001086041F2E041C2F20001002044
:10D6A0000870FFE741F2F440C2F20000FFF726FCE9
:10D6B0008008F7F7B0F8014641F23030C2F20000BE
:10D6C000016190F80601002840F0D680FFE741F2A2
:10D6D0003030C2F2000090F8FE00012840F0CC800B
:10D6E000FFE741F2E840C2F200000068069041F214
:10D6F0003030C2F20000006B0021C4F2F011F6F7E6
:10D70000EBFD01460698F7F761F800286FD1FFE7B7
:10D7100041F2E840C2F200000068059041F230306A
:10D72000C2F20000006B0021CCF2F011F6F7D4FD3C
:10D7300001460598F7F72EF8002858D1FFE741F287
:10D740003030C2F200000490022180F81C1141F236
:10D75000E841C2F200010A68016B41F2B440C2F232
:10D760000000F9F7F7FB0499086741F2E040C2F2C4
:10D7700000000078C007C8BBFFE741F2E840C2F2F2
:10D7800000000068039041F23030C2F20000006BEC
:10D790000021C4F22011F6F79FFD01460398F7F728
:10D7A00015F818BBFFE741F2E840C2F2000000683C
:10D7B000029041F23030C2F20000006B0021CCF246
:10D7C0002011F6F789FD01460298F6F7E3FF68B9E4
:10D7D000FFE741F2E041C2F200010120087040F28F
:10D7E000E411C2F2000100204871FFE743E041F27A
:10D7F000E840C2F200000068019041F23030C2F20D
:10D800000000006B0021C4F2F011F6F765FD01463F
:10D810000198F6F7B1FFA8B9FFE741F2B440C2F2B0
:10D820000000F9F76BFB41F23031C2F20001002039
:10D83000086741F2E042C2F200021070012081F854
:10D840001C0117E041F2B440C2F20000F9F756FBA8
:10D8500041F23031C2F2000145F20000C4F25050F2
:10D86000086741F2E042C2F200020020107081F825
:10D870001C01FFE7FFE72AE041F23030C2F200006E
:10D8800090F8FE0060B9FFE741F23031C2F20001CA
:10D890000020086741F2E041C2F20001087015E083
:10D8A00041F23030C2F2000090F8FE0003280CD1A3
:10D8B000FFE741F23031C2F200010020086741F277
:10D8C000E041C2F200010870FFE7FFE7FFE741F225
:10D8D0003030C2F2000090F8060160B1FFE741F27B
:10D8E0003031C2F200010020086741F2E041C2F28B
:10D8F00000010870FFE708B080BD000080B541F26C
:10D900000000C4F201004FF48041FEF7E5FEE8B9E3
:10D91000FFE741F2EC40C2F20000017801310170F2
:10D920000078152811DBFFE741F2EC41C2F200015B
:10D930000020087041F23031C2F20001032081F86A
:10D94000FE00012081F80901FFE717E040F60040E2
:10D95000C4F201004021FEF7BFFE01280DD1FFE710
:10D9600041F2EC41C2F200010020087041F2303176
:10D97000C2F2000181F80901FFE7FFE780BD000066
:10D9800080B584B041F23030C2F2000002900069EC
:10D990000021C4F24831F6F7FDFE01460298002945
:10D9A00018BF01218DF80F1090F80201012840F0F6
:10D9B000BB80FFE741F2ED41C2F200010020087098
:10D9C00041F2EE40C2F20000007888B9FFE741F270
:10D9D000EE41C2F200010120087041F23031C2F282
:10D9E0000001002081F8FE00032081F814019AE074
:10D9F00041F23030C2F20000D0F888000021F6F782
:10DA0000F3FE002856D1FFE741F23031C2F20001A7
:10DA1000012081F8FE0041F2F040C2F200000188CE
:10DA200001310180008840F2A231884241DBFFE7EA
:10DA300041F2F041C2F200010020088041F2F240C0
:10DA4000C2F20000017801310170007806282FDB56
:10DA5000FFE741F23030C2F200000190D0F88800B8
:10DA6000F6F731FF49F69A12C9F6991249F6991359
:10DA7000CBF6B973F6F7F8FCF6F738FF01460198D4
:10DA8000C0F88810D0F888000021F6F79FFE40B952
:10DA9000FFE741F23031C2F200010020C1F88800F6
:10DAA000FFE741F2F241C2F2000100200870FFE7F7
:10DAB000FFE737E041F23030C2F2000090F8FE009C
:10DAC00001281DD1FFE741F23031C2F200010020F0
:10DAD00081F8FE009DF80F00C00780B1FFE741F21A
:10DAE0003030C2F2000090F8FE0040B9FFE741F28A
:10DAF0003031C2F20001032081F81401FFE710E089
:10DB000041F23030C2F2000090F8FE0040B9FFE769
:10DB100041F23031C2F20001032081F81401FFE725
:10DB2000FFE7FFE7FFE736E041F23030C2F20000E6
:10DB300090F8020170BBFFE741F2EE41C2F2000132
:10DB40000020087041F2ED40C2F200000078C007EA
:10DB5000F8B9FFE741F2ED41C2F20001012008707F
:10DB600041F23031C2F2000181F8FE00D1F88000AC
:10DB7000C1F8880041F2F042C2F200020020108099
:10DB800041F2F242C2F200021070FA20C1F8F00035
:10DB9000FFE7FFE7FFE741F23030C2F2000090F804
:10DBA000FE00022807D1FFE741F2F341C2F2000173
:10DBB00001200870FFE741F2F340C2F20000007854
:10DBC000C00700285BD0FFE741F23030C2F200000E
:10DBD0000090D0F88C004FF07E51F6F77DFB0146A7
:10DBE0000098C0F88C10D0F88C0048F20001C4F204
:10DBF0003B51F6F7CFFD38BBFFE741F2F340C2F2ED
:10DC000000000021017041F23030C2F20000C0F883
:10DC10008C1090F80201012815D1FFE741F2303154
:10DC2000C2F20001002081F8FE009DF80F00C0073D
:10DC300040B1FFE741F23031C2F20001032081F828
:10DC40001401FFE7FFE719E041F23030C2F20000B3
:10DC500090F8F900C00740B1FFE741F23031C2F25D
:10DC60000001042081F8140107E041F23031C2F2D2
:10DC70000001002081F81401FFE7FFE7FFE704B08F
:10DC800080BD000080B5E6B040F22C20C2F200005A
:10DC9000007801466591142801F294816599DFE8C6
:10DCA00011F015005E01B300FC01A1023E03ED037B
:10DCB0008C043B05D70585062307D10738085B0888
:10DCC0007E08A1081D09D2084909900940F2E41014
:10DCD000C2F200000021417141F23030C2F2000076
:10DCE000FA22C0F8F02080F8141190F80A01D8BB8D
:10DCF000FFE741F23030C2F20000006B0021C4F2B5
:10DD0000E131F6F747FD58B9FFE741F23031C2F291
:10DD10000001002048630020C4F2E13008630CE0F9
:10DD200041F23030C2F200006490006B4FF07E513F
:10DD3000F6F7D2FA64990863FFE741F23030C2F295
:10DD400000006390006B0021C4F21011F6F71CFB79
:10DD50000021C4F2A001F6F749FB4FF08441F6F729
:10DD6000BBFA6399886346E041F23030C2F20000AA
:10DD700090F80A0101283DD1FFE741F23030C2F2AC
:10DD80000000806B48F20001C4F25241F6F702FD38
:10DD900060B9FFE741F23031C2F200010020C863F0
:10DDA00048F20000C4F2524088630CE041F2303087
:10DDB000C2F200006290806B4FF07E51F6F78CFA51
:10DDC00062998863FFE741F23030C2F2000061904F
:10DDD000806B4FF04241F6F77FFA0021C4F2A001B8
:10DDE000F6F7D2FA0021C4F21011F6F7FFFA6199A2
:10DDF0000863FFE7FFE741F23031C2F20001002083
:10DE000081F8E90001F0DFB840F2E410C2F200004E
:10DE10000021417141F23030C2F20000FA22C0F814
:10DE2000F02080F8141190F80A01002841D1FFE792
:10DE300041F23030C2F20000006B0021C4F2201128
:10DE4000F6F74AFA0021C4F2E131F6F7A3FC58B91B
:10DE5000FFE741F23031C2F20001002048630020A8
:10DE6000C4F2E13008630DE041F23030C2F200004C
:10DE70006090006B0021C4F22011F6F72DFA609932
:10DE80000863FFE741F23030C2F200005F90006BA0
:10DE90000021C4F21011F6F777FA0021C4F2A001B4
:10DEA000F6F7A4FA4FF08441F6F716FA5F99886303
:10DEB0004CE041F23030C2F2000090F80A01012833
:10DEC00043D1FFE741F23030C2F20000806B002105
:10DED000C4F24821F6F700FA48F20001C4F25241B8
:10DEE000F6F758FC60B9FFE741F23031C2F20001A9
:10DEF0000020C86348F20000C4F2524088630DE07D
:10DF000041F23030C2F200005E90806B0021C4F21A
:10DF10004821F6F7E1F95E998863FFE741F2303076
:10DF2000C2F200005D90806B4FF04241F6F7D4F9E9
:10DF30000021C4F2A001F6F727FA0021C4F2101163
:10DF4000F6F754FA5D990863FFE7FFE741F23031D5
:10DF5000C2F20001002081F8E90001F034B840F27B
:10DF6000E410C2F200000021417141F23030C2F2EF
:10DF70000000FA22C0F8F02080F8141190F80A018D
:10DF8000E0BBFFE741F23030C2F20000006B00213D
:10DF9000C4F24831F6F71AFC58B9FFE741F23031C4
:10DFA000C2F20001002048630020C4F24830086338
:10DFB0000DE041F23030C2F200005C90006B0021B5
:10DFC000CBF68071F6F788F95C990863FFE741F2B8
:10DFD0003030C2F200005B90006B0021C4F21011DF
:10DFE000F6F7D2F90021C4F2A001F6F7FFF94FF0DD
:10DFF0008441F6F771F95B99886345E041F230306E
:10E00000C2F2000090F80A0101283CD1FFE741F27A
:10E010003030C2F20000806B0021C4F2C431F6F748
:10E02000D5FB58B9FFE741F23031C2F200010020C0
:10E03000C8630020C4F2C43088630DE041F2303080
:10E04000C2F200005A90806B0021CBF68071F6F787
:10E0500043F95A998863FFE741F23030C2F2000079
:10E060005990806B4FF04241F6F736F90021C4F227
:10E07000A001F6F789F90021C4F21011F6F7B6F9FC
:10E0800059990863FFE7FFE741F23031C2F200011E
:10E09000002081F8E90000F096BF40F2E410C2F2DF
:10E0A00000000021417141F23030C2F20000FA223A
:10E0B000C0F8F02080F8141190F80A01002841D12E
:10E0C000FFE741F23030C2F20000006B0021CCF2D9
:10E0D0002011F6F701F90021C4F24831F6F776FB7A
:10E0E00058B9FFE741F23031C2F200010020486325
:10E0F0000020C4F2483008630DE041F23030C2F233
:10E1000000005890006B0021CCF22011F6F7E4F8E3
:10E1100058990863FFE741F23030C2F2000057908F
:10E12000006B0021C4F21011F6F72EF90021C4F2A1
:10E13000A001F6F75BF94FF08441F6F7CDF8579957
:10E14000886346E041F23030C2F2000090F80A01E4
:10E1500001283DD1FFE741F23030C2F20000806B70
:10E1600048F20001C4F2D831F6F730FB58B9FFE7A6
:10E1700041F23031C2F200010020C8630020C4F235
:10E18000C43088630DE041F23030C2F20000569096
:10E19000806B0021CCF22421F6F79EF85699886313
:10E1A000FFE741F23030C2F200005590806B4FF033
:10E1B0004241F6F791F80021C4F2A001F6F7E4F825
:10E1C0000021C4F21011F6F711F955990863FFE721
:10E1D000FFE741F23031C2F20001002081F8E9008E
:10E1E00000F0F1BE41F23030C2F2000090F80A01B6
:10E1F000002844D1FFE741F23031C2F20001086A41
:10E20000496C54910021C4F2C821F6F765F8014623
:10E210005498F6F7BFFA70B9FFE741F23030C2F216
:10E2200000005390006A0021C4F2C821F6F754F8A8
:10E23000539948640CE041F23030C2F20000529031
:10E24000406C4FF07E51F6F747F852994864FFE76B
:10E2500041F23030C2F200005190006A0021C4F255
:10E260001011F6F791F80021C4F2A001F6F7BEF8FC
:10E270004FF08441F6F730F85199C8644DE041F20F
:10E280003030C2F2000090F80A01012844D1FFE7C3
:10E2900041F23031C2F20001886AC96C509100210C
:10E2A000C4F25431F6F718F801465098F6F772FAAE
:10E2B00070B9FFE741F23030C2F200004F90806A3F
:10E2C0000021C4F25431F6F707F84F99C8640CE006
:10E2D00041F23030C2F200004E90C06C4FF07E51DF
:10E2E000F5F7FAFF4E99C864FFE741F23030C2F209
:10E2F00000004D90C06C4FF04241F5F7EDFF00215A
:10E30000C4F2A001F6F740F80021C4F21011F6F7AC
:10E310006DF84D994864FFE7FFE700F054BE41F205
:10E320003030C2F2000090F80A0100284DD1FFE71A
:10E3300041F23030C2F20000016A4B91406C002182
:10E34000C4F22011F5F7C8FF01464B984C9100210B
:10E35000C4F2C821F5F7C0FF01464C98F6F71AFA47
:10E3600070B9FFE741F23030C2F200004A90006A13
:10E370000021C4F2C821F5F7AFFF4A9948640DE0C7
:10E3800041F23030C2F200004990406C0021C4F2EA
:10E390002011F5F7A1FF49994864FFE741F23030B9
:10E3A000C2F200004890006A0021C4F21011F5F793
:10E3B000EBFF0021C4F2A001F6F718F84FF08441FA
:10E3C000F5F78AFF4899C86456E041F23030C2F24E
:10E3D000000090F80A0101284DD1FFE741F23030EA
:10E3E000C2F20000816A4691C06C0021C4F2201183
:10E3F000F5F772FF0146469847910021C4F2543167
:10E40000F5F76AFF01464798F6F7C4F970B9FFE7D8
:10E4100041F23030C2F200004590806A0021C4F21F
:10E420005431F5F759FF4599C8640DE041F2303099
:10E43000C2F200004490C06C0021C4F22011F5F734
:10E440004BFF4499C864FFE741F23030C2F200004C
:10E450004390C06C4FF04241F5F73EFF0021C4F2FB
:10E46000A001F5F791FF0021C4F21011F5F7BEFFEE
:10E4700043994864FFE7FFE700F0A5BD41F2303063
:10E48000C2F2000090F80A01002845D1FFE741F2EE
:10E490003031C2F20001086A496C42910021CCF28D
:10E4A000C821F5F719FF01464298F6F78FF970B9C0
:10E4B000FFE741F23030C2F200004190006A0021D3
:10E4C000CCF2C821F5F708FF419948640DE041F20C
:10E4D0003030C2F200004090406C0021CBF68071D9
:10E4E000F5F7FAFE40994864FFE741F23030C2F296
:10E4F00000003F90006A0021C4F21011F5F744FFBC
:10E500000021C4F2A001F5F771FF4FF08441F5F747
:10E51000E3FE3F99C8644EE041F23030C2F20000A1
:10E5200090F80A01012845D1FFE741F23031C2F2EB
:10E530000001886AC96C3E910021CCF25431F5F794
:10E54000CBFE01463E98F6F741F970B9FFE741F27C
:10E550003030C2F200003D90806A0021CCF254318C
:10E56000F5F7BAFE3D99C8640DE041F23030C2F2D1
:10E5700000003C90C06C0021CBF68071F5F7ACFE3A
:10E580003C99C864FFE741F23030C2F200003B9092
:10E59000C06C4FF04241F5F79FFE0021C4F2A0018C
:10E5A000F5F7F2FE0021C4F21011F5F71FFF3B99B9
:10E5B0004864FFE7FFE700F006BD41F23030C2F2E9
:10E5C000000090F80A0100284DD1FFE741F23030F9
:10E5D000C2F20000016A3991406C0021CCF2201196
:10E5E000F5F77AFE014639983A910021CCF2C8211C
:10E5F000F5F772FE01463A98F6F7E8F870B9FFE7CA
:10E6000041F23030C2F200003890006A0021CCF2B2
:10E61000C821F5F761FE389948640DE041F23030C9
:10E62000C2F200003790406C0021CCF22011F5F7C7
:10E6300053FE37994864FFE741F23030C2F20000E0
:10E640003690006A0021C4F21011F5F79DFE0021FA
:10E65000C4F2A001F5F7CAFE4FF08441F5F73CFE85
:10E660003699C86456E041F23030C2F2000090F8AA
:10E670000A0101284DD1FFE741F23030C2F200001B
:10E68000816A3491C06C0021CCF22011F5F724FE90
:10E690000146349835910021CCF25431F5F71CFE37
:10E6A00001463598F6F792F870B9FFE741F230303D
:10E6B000C2F200003390806A0021CCF25431F5F7A9
:10E6C0000BFE3399C8640DE041F23030C2F2000015
:10E6D0003290C06C0021CCF22011F5F7FDFD32998B
:10E6E000C864FFE741F23030C2F200003190C06CE4
:10E6F0004FF04241F5F7F0FD0021C4F2A001F5F71B
:10E7000043FE0021C4F21011F5F770FE3199486400
:10E71000FFE7FFE700F057BC41F23030C2F20000E3
:10E7200090F80A01002844D1FFE741F23031C2F2EB
:10E730000001086B896D30910021C4F2C821F5F702
:10E74000CBFD01463098F6F725F870B9FFE741F2A6
:10E750003030C2F200002F90006B0021C4F2C821BB
:10E76000F5F7BAFD2F9988650CE041F23030C2F21E
:10E7700000002E90806D4FF07E51F5F7ADFD2E9983
:10E780008865FFE741F23030C2F200002D90006B47
:10E790000021C4F21011F5F7F7FD0021C4F2A00129
:10E7A000F5F724FE4FF08441F5F796FD2D990866A4
:10E7B0004DE041F23030C2F2000090F80A01012829
:10E7C00044D1FFE741F23031C2F20001886B096E9B
:10E7D0002C910021C4F25431F5F77EFD01462C98AE
:10E7E000F5F7D8FF70B9FFE741F23030C2F2000010
:10E7F0002B90806B0021C4F25431F5F76DFD2B99FD
:10E8000008660CE041F23030C2F200002A90006E3F
:10E810004FF07E51F5F760FD2A990866FFE741F257
:10E820003030C2F200002990006E4FF04241F5F7FF
:10E8300053FD0021C4F2A001F5F7A6FD0021C4F2AA
:10E840001011F5F7D3FD29998865FFE7FFE7BAE3D3
:10E8500041F23030C2F2000090F80A0100284DD198
:10E86000FFE741F23030C2F20000016B2791806D6A
:10E870000021C4F22011F5F72FFD014627982891B9
:10E880000021C4F2C821F5F727FD01462898F5F7C5
:10E8900081FF70B9FFE741F23030C2F200002690EC
:10E8A000006B0021C4F2C821F5F716FD2699886592
:10E8B0000DE041F23030C2F200002590806D002161
:10E8C000C4F22011F5F708FD25998865FFE741F2AC
:10E8D0003030C2F200002490006B0021C4F210110D
:10E8E000F5F752FD0021C4F2A001F5F77FFD4FF0CE
:10E8F0008441F5F7F1FC2499086656E041F2303086
:10E90000C2F2000090F80A0101284DD1FFE741F260
:10E910003030C2F20000816B2291006E0021C4F2FF
:10E920002011F5F7D9FC0146229823910021C4F269
:10E930005431F5F7D1FC01462398F5F72BFF70B958
:10E94000FFE741F23030C2F200002190806B0021DD
:10E95000C4F25431F5F7C0FC219908660DE041F28C
:10E960003030C2F200002090006E0021C4F220116D
:10E97000F5F7B2FC20990866FFE741F23030C2F2A9
:10E9800000001F90006E4FF04241F5F7A5FC0021FA
:10E99000C4F2A001F5F7F8FC0021C4F21011F5F75C
:10E9A00025FD1F998865FFE7FFE70CE341F2303052
:10E9B000C2F2000090F80A01002845D1FFE741F2B9
:10E9C0003031C2F20001086B896D1E910021CCF23A
:10E9D000C821F5F781FC01461E98F5F7F7FE70B9DE
:10E9E000FFE741F23030C2F200001D90006B0021C1
:10E9F000CCF2C821F5F770FC1D9988650DE041F255
:10EA00003030C2F200001C90806D0021CBF6807186
:10EA1000F5F762FC1C998865FFE741F23030C2F2DD
:10EA200000001B90006B0021C4F21011F5F7ACFC44
:10EA30000021C4F2A001F5F7D9FC4FF08441F5F7AD
:10EA40004BFC1B9908664EE041F23030C2F20000E8
:10EA500090F80A01012845D1FFE741F23031C2F2B6
:10EA60000001886B096E1A910021CCF25431F5F740
:10EA700033FC01461A98F5F7A9FE70B9FFE741F299
:10EA80003030C2F200001990806B0021CCF254317A
:10EA9000F5F722FC199908660DE041F23030C2F218
:10EAA00000001890006E0021CBF68071F5F714FC81
:10EAB00018990866FFE741F23030C2F20000179063
:10EAC000006E4FF04241F5F707FC0021C4F2A001AF
:10EAD000F5F75AFC0021C4F21011F5F787FC1799DD
:10EAE0008865FFE7FFE76EE241F23030C2F20000D6
:10EAF00090F80A0100284DD1FFE741F23030C2F210
:10EB00000000016B1591806D0021CCF22011F5F70A
:10EB1000E3FB0146159816910021CCF2C821F5F7C8
:10EB2000DBFB01461698F5F751FE70B9FFE741F29D
:10EB30003030C2F200001490006B0021CCF2C821EA
:10EB4000F5F7CAFB149988650DE041F23030C2F246
:10EB500000001390806D0021CCF22011F5F7BCFB72
:10EB600013998865FFE741F23030C2F2000012903D
:10EB7000006B0021C4F21011F5F706FC0021C4F26D
:10EB8000A001F5F733FC4FF08441F5F7A5FB12998E
:10EB9000086656E041F23030C2F2000090F80A01F7
:10EBA00001284DD1FFE741F23030C2F20000816B05
:10EBB0001091006E0021CCF22011F5F78DFB01467B
:10EBC000109811910021CCF25431F5F785FB0146E4
:10EBD0001198F5F7FBFD70B9FFE741F23030C2F252
:10EBE00000000F90806B0021CCF25431F5F774FBDC
:10EBF0000F9908660DE041F23030C2F200000E902D
:10EC0000006E0021CCF22011F5F766FB0E99086624
:10EC1000FFE741F23030C2F200000D90006E4FF07D
:10EC20004241F5F759FB0021C4F2A001F5F7ACFB16
:10EC30000021C4F21011F5F7D9FB0D998865FFE7A3
:10EC4000FFE7C0E141F23030C2F2000090F80A0163
:10EC500050BBFFE741F23030C2F200000C900121BE
:10EC600080F80A11006B0021C4F210110991F5F728
:10EC70008BFB0021C4F2A0010A91F5F7B7FB4FF01E
:10EC800084410B91F5F728FB099902460C988263A1
:10EC9000006AF5F779FB0A99F5F7A8FB0B99F5F7E8
:10ECA0001BFB0C99886233E041F23030C2F2000065
:10ECB00090F80A0101282AD1FFE741F23030C2F270
:10ECC00000000890002180F80A11806B4FF0844109
:10ECD0000591F5F753FB0021C4F2A0010691F5F769
:10ECE00053FB0021C4F210110791F5F77FFB059942
:10ECF000024608980263806AF5F740FB0699F5F72B
:10ED000043FB0799F5F772FB08990862FFE7FFE7F5
:10ED100059E141F23030C2F2000090F80C0140B9E4
:10ED2000FFE741F23031C2F20001012081F80C010D
:10ED300011E041F23030C2F2000090F80C010128DD
:10ED400008D1FFE741F23031C2F20001002081F822
:10ED50000C01FFE7FFE736E141F23030C2F200007C
:10ED600090F80E01012808D1FFE741F23031C2F2DC
:10ED70000001002081F80E0110E041F23030C2F2B3
:10ED8000000090F80E0140B9FFE741F23031C2F2C5
:10ED90000001012081F80E01FFE7FFE713E141F2D6
:10EDA0003030C2F2000090F81001012808D1FFE7CE
:10EDB00041F23031C2F20001002081F8100110E070
:10EDC00041F23030C2F2000090F8100140B9FFE784
:10EDD00041F23031C2F20001012081F81001FFE759
:10EDE000FFE7F0E041F23030C2F20000D0F88000DE
:10EDF0004CF20001C4F27941F5F7CCFC58B9FFE7B9
:10EE000041F23031C2F200014CF20000C4F279400C
:10EE1000C1F880000EE041F23030C2F200000490F0
:10EE2000D0F880004FF07E51F5F756FA0499C1F8FA
:10EE30008000FFE741F23031C2F20001D1F88000DA
:10EE4000C1F88800BFE041F22550C2F2000001780D
:10EE50000139017090F90000002836DCFFE741F22B
:10EE60002551C2F200010A20087040F2E411C2F2FA
:10EE700000010020487141F23030C2F20000D0F8A9
:10EE8000800048F20001C4F27841F5F783FC58B9DC
:10EE9000FFE741F23031C2F200014CF20000C4F24F
:10EEA0007940C1F880000FE041F23030C2F200003A
:10EEB0000390D0F880000021C4F2A001F5F70CFA0D
:10EEC0000399C1F88000FFE7FFE741F23031C2F259
:10EED0000001D1F88000C1F8880074E041F23030C0
:10EEE000C2F20000D0F880000021F5F76FFC40B9B5
:10EEF000FFE741F23031C2F200010020C1F880008A
:10EF00000FE041F23030C2F200000290D0F88000F1
:10EF10000021CBF68071F5F7DFF90299C1F8800086
:10EF2000FFE741F23031C2F20001D1F88000C1F8B0
:10EF3000880048E041F22550C2F200000178013912
:10EF4000017090F90000002832DCFFE741F2255102
:10EF5000C2F200010A20087040F2E411C2F200017E
:10EF60000020487141F23030C2F20000D0F8800039
:10EF70000021C4F2A001F5F729FC40B9FFE741F2F6
:10EF80003031C2F200010020C1F880000FE041F2F0
:10EF90003030C2F200000190D0F880000021CCF2A5
:10EFA000A001F5F799F90199C1F88000FFE7FFE7A3
:10EFB00041F23031C2F20001D1F88000C1F888007E
:10EFC00001E0FFE7FFE740F22C21C2F2000114202C
:10EFD000087066B080BD000086B08DF817009DF8FF
:10EFE0001700013801460491092800F2BB810499F9
:10EFF000DFE811F00A006B00B601B7018C01B30124
:10F00000B501B401CC002C0141F23030C2F2000055
:10F0100090F81501C007002849D0FFE741F23030D1
:10F02000C2F2000090F81601014603910A283DD86B
:10F030000399DFE801F006070E151C232A31383941
:10F040003A0033E040F22C21C2F2000104200870A3
:10F050002CE040F22C21C2F200010820087025E0CB
:10F0600040F22C21C2F200010C2008701EE040F298
:10F070002C21C2F200010D20087017E040F22C2173
:10F08000C2F200010E20087010E040F22C21C2F202
:10F0900000010F20087009E040F22C21C2F20001AB
:10F0A0001020087002E001E000E0FFE706E040F217
:10F0B0002C21C2F2000100200870FFE740F2E411A9
:10F0C000C2F20001002048714DE141F23030C2F23D
:10F0D000000090F81501C007002849D0FFE741F271
:10F0E0003030C2F2000090F81601014602910A2861
:10F0F0003DD80299DFE801F006070E151C232A31DE
:10F1000038393A0033E040F22C21C2F200010620E7
:10F1100008702CE040F22C21C2F200010A20087095
:10F12000FFE740F22C21C2F200010C2008701EE023
:10F1300040F22C21C2F200010D20087017E040F2CD
:10F140002C21C2F200010E20087010E040F22C21A8
:10F15000C2F200010F20087009E040F22C21C2F237
:10F1600000011120087002E001E000E0FFE706E086
:10F1700040F22C21C2F2000101200870FFE740F2AA
:10F18000E411C2F2000100204871ECE041F230309D
:10F19000C2F2000090F81501C00738B9FFE740F24D
:10F1A0002C21C2F200010220087048E041F2303008
:10F1B000C2F2000090F81601014601910A283DD8DC
:10F1C0000199DFE801F006070E151C232A313839B2
:10F1D0003A0033E040F22C21C2F200010520087011
:10F1E0002CE040F22C21C2F2000109200870FFE758
:10F1F00040F22C21C2F200010C2008701EE040F207
:10F200002C21C2F200010D20087017E040F22C21E1
:10F21000C2F200010E20087010E040F22C21C2F270
:10F2200000010F20087009E040F22C21C2F2000119
:10F230001220087002E001E000E0FFE7FFE740F283
:10F24000E411C2F20001002048718CE041F230303C
:10F25000C2F2000090F81501C00738B9FFE740F28C
:10F260002C21C2F200010320087048E041F2303046
:10F27000C2F2000090F81601014600910A283DD81C
:10F280000099DFE801F006070E151C232A313839F2
:10F290003A0033E040F22C21C2F20001072008704E
:10F2A0002CE040F22C21C2F200010B200870FFE795
:10F2B00040F22C21C2F200010C2008701EE040F246
:10F2C0002C21C2F200010D20087017E040F22C2121
:10F2D000C2F200010E20087010E040F22C21C2F2B0
:10F2E00000010F20087009E040F22C21C2F2000159
:10F2F0001320087002E001E000E0FFE7FFE740F2C2
:10F30000E411C2F20001002048712CE041F23030DB
:10F31000C2F2000090F8160138B9FFE740F234114C
:10F32000C2F200010520087010E041F23030C2F254
:10F33000000090F816010A2807D1FFE740F23411C7
:10F34000C2F2000106200870FFE7FFE740F2E41177
:10F35000C2F200010020487105E004E003E002E091
:10F3600001E000E0FFE79DF8170018B3FFE741F266
:10F370003030C2F2000090F8FE0040B9FFE741F2E1
:10F380003031C2F20001022081F8FE0011E041F2AA
:10F390003030C2F2000090F8FE00022808D1FFE7EA
:10F3A00041F23031C2F200010020C1F88C00FFE7C9
:10F3B000FFE7FFE706B0704780B58CB000200090F3
:10F3C0000B900A9009900890079006900590049081
:10F3D0000390FAF797FD8DF80B009DF80B0001469E
:10F3E000019140B1FFE7019801282BD0FFE7019878
:10F3F000022831D0D6E041F25400C4F20200006885
:10F40000400AC00798B1FFE741F23000C4F20200A1
:10F410000068400EC00750B1FFE740F21001C2F291
:10F42000000146F60040C0F2DC20086009E040F22E
:10F430001001C2F2000141F20020C0F27A0008601F
:10F44000FFE7B9E040F21001C2F2000141F20020F2
:10F45000C0F27A000860AFE041F20400C4F202009A
:10F460000068C0F30040099041F22C00C4F2020091
:10F4700001680020B0EBD17F50D1FFE741F20400DA
:10F48000C4F202000168C1F383410B910068C0F32C
:10F4900041700A900A9820B9FFE70B980F2807D10E
:10F4A000FFE70A990B9800EB011001300B9003E085
:10F4B0000B9802300B90FFE7099860B9FFE70B98B3
:10F4C00040F60011C0F23D01484340F21001C2F283
:10F4D0000001086021E041F20400C4F2020000686B
:10F4E000400CC00760B1FFE70B9840F60011C0F276
:10F4F0003D01484340F21001C2F2000108600BE0F8
:10F500000B9841F20021C0F27A01484340F2100109
:10F51000C2F200010860FFE7FFE742E041F22C0081
:10F52000C4F202000168C1F3031105910168C1F33F
:10F5300008210491006800F007000390099830B991
:10F54000FFE740F60010C0F23D00069015E041F2E2
:10F550000400C4F202000068400CC00730B1FFE7AD
:10F5600040F60010C0F23D00069005E041F2002098
:10F57000C0F27A000690FFE7FFE706980499A0FB27
:10F580000101059ADDF80CC0012303FA0CF35A437C
:10F590000023F4F719FE40F21001C2F200010860E6
:10F5A000FFE709E040F21001C2F2000141F2002041
:10F5B000C0F27A000860FFE741F20400C4F20200E2
:10F5C0000068C0F303100890089941F28500C0F666
:10F5D0000100405C079040F21001C2F2000108688F
:10F5E000079AD04008600CB080BD000081B08DF853
:10F5F00003009DF80300042809D1FFE74EF2100133
:10F60000CEF20001086840F00400086008E04EF205
:10F610001001CEF20001086820F004000860FFE746
:10F6200001B0704780B582B040F60040C4F20100DE
:10F6300001904FF41861FCF791FF01984FF41E718F
:10F64000FCF782FF02B080BD83B00290019100926E
:10F6500001980299C86200980299886202994869E3
:10F6600040F00100486103B07047000085B004908D
:10F670008DF80F1002929DF80F00ADF80600BDF84E
:10F68000060001460091062816D80099DFE801F02F
:10F69000041408140C1410000298049948630CE038
:10F6A00002980499886308E002980499C86304E00A
:10F6B00002980499086400E0FFE705B07047000075
:10F6C00082B001908DF803109DF80320019908681D
:10F6D00002F0030220F4407040EA0220086002B009
:10F6E0007047000082B001908DF803109DF8032050
:10F6F0000199086802F0070220F0700040EA021049
:10F70000086002B07047000082B001908DF80310CD
:10F710009DF803200199086862F30000086002B0B8
:10F720007047000082B0019000910098C043019999
:10F73000086102B07047000083B002900191002080
:10F740008DF80300029800690199084204D0FFE790
:10F7500001208DF8030003E000208DF80300FFE78F
:10F760009DF8030003B0704783B0029001918DF8BB
:10F7700003209DF80300012806D1FFE7019A0299B2
:10F78000C8681043C8600AE09DF8030030B9FFE77D
:10F79000019A0299C8689043C860FFE7FFE703B089
:10F7A0007047000083B00290019100208DF80300A3
:10F7B00002980069019908420AD0FFE70298C068E0
:10F7C0000199084204D0FFE701208DF8030003E00F
:10F7D00000208DF80300FFE79DF8030003B0704799
:10F7E00083B002908DF807108DF806209DF8070071
:10F7F000ADF80400BDF8040001460091062836D893
:10F800000099DFE801F0043410341C3428009DF81E
:10F8100006200299886902F0010220F0080040EAFF
:10F82000C200886124E09DF806200299886902F0F0
:10F83000010220F4006040EAC220886118E09DF8CF
:10F8400006200299C86902F0010220F0080040EA8F
:10F85000C200C8610CE09DF806200299C86902F058
:10F86000010220F4006040EAC220C86100E0FFE726
:10F8700003B0704787B006908DF8171004920020EF
:10F88000ADF80E00ADF80C00ADF80A009DF81700B9
:10F890000830ADF808009DF817000930ADF80600F3
:10F8A00004984078BDF808108840ADF80E00049820
:10F8B0008078BDF806108840ADF80C00BDF8061041
:10F8C000012000FA01F3069A516899435160BDF88E
:10F8D0000C30069A516819435160BDF8081000FABF
:10F8E00001F3069A516899435160BDF80E30069AAB
:10F8F0005168194351609DF81710ADF80A109DF832
:10F9000017104900ADF808109DF81720022101EBEF
:10F910004201ADF80610BDF8061000FA01F3069A90
:10F92000116A99431162BDF8081000FA01F20699B4
:10F93000086A90430862BDF80A0001460091062853
:10F940004AD80099DFE801F00448154826483700F6
:10F950000699886920F00300886104980278069966
:10F96000886902F0070220F0700040EA0210886106
:10F9700033E00699886920F4407088610498027821
:10F980000699886902F0070220F4E04040EA02305C
:10F99000886122E00699C86920F00300C8610498D4
:10F9A00002780699C86902F0070220F0700040EA68
:10F9B0000210C86111E00699C86920F44070C8615E
:10F9C000049802780699C86902F0070220F4E04022
:10F9D00040EA0230C86100E0FFE79DF817004000F0
:10F9E0000130ADF808009DF81710032000EB41002E
:10F9F000ADF806000498C078BDF808108840ADF84E
:10FA00000E0004980079BDF806108840ADF80C008F
:10FA1000BDF80610012000FA01F3069A116A994315
:10FA20001162BDF80C30069A116A19431162BDF8D3
:10FA3000081000FA01F20699086A90430862BDF8BE
:10FA40000E200699086A10430862049840799DF8D0
:10FA5000171049008840ADF80E00049880799DF891
:10FA60001720022101EB42018840ADF80C00BDF8DF
:10FA70000C200699086A10430862BDF80E2006990A
:10FA8000086A1043086207B07047000083B0029014
:10FA90008DF807108DF806209DF80700ADF80400DA
:10FAA000BDF8040001460091062836D80099DFE829
:10FAB00001F0043410341C3428009DF8062002990B
:10FAC000886902F0010220F0040040EA82008861A7
:10FAD00024E09DF806200299886902F0010220F4D2
:10FAE000806040EA8220886118E09DF80620029933
:10FAF000C86902F0010220F0040040EA8200C861F7
:10FB00000CE09DF806200299C86902F0010220F479
:10FB1000806040EA8220C86100E0FFE703B07047E0
:10FB200082B001908DF803109DF8032001990868B8
:10FB300002F0010220F0800040EAC210086002B02A
:10FB40007047000082B001908DF803109DF80320EB
:10FB50000199486802F0070220F0700040EA0210A4
:10FB6000486002B07047000082B001908DF8031029
:10FB70009DF803200199886802F0010220F08000BE
:10FB800040EAC210886002B07047000083B0019064
:10FB9000ADF8021041F22400C2F2000090F8C0005B
:10FBA0000D282FDCFFE7019941F22402C2F2000286
:10FBB00002F1180092F8C03003EB430340F8231021
:10FBC000BDF8021092F8C03003EB430300EB83034F
:10FBD000D980BDF8021092F8C03003EB430300EB6C
:10FBE0008303998092F8C01001EB410100EB810181
:10FBF0000020087292F8C010013182F8C0108DF810
:10FC00000B0003E001208DF80B00FFE79DF80B00CF
:10FC100003B0704784B0029041F22400C2F20000A9
:10FC200090F8C00001287DDBFFE74EF21001CEF214
:10FC30000001042008604EF21801CEF200010020FD
:10FC400008608DF80700FFE79DF8070041F22401E6
:10FC5000C2F2000191F8C010884262DAFFE79DF815
:10FC6000070000EB400141F22400C2F2000000EB6B
:10FC700081008069029988424CD1FFE741F224005B
:10FC8000C2F2000000F11801009190F8C020013A82
:10FC900080F8C02090F8C02002EB420251F82220E8
:10FCA0009DF8073003EB430341F8232090F8C02070
:10FCB00002EB420201EB8202D2889DF8073003EB8F
:10FCC000430301EB8303DA8090F8C02002EB420289
:10FCD00001EB820292889DF8073003EB430301EBAE
:10FCE00083039A8090F8C00000EB400001EB800095
:10FCF000007A9DF8072002EB420201EB82010872B4
:10FD00004EF21001CEF200010420086000208DF8B0
:10FD10000F0011E0FFE79DF8070001308DF80700A4
:10FD200092E7FFE74EF21001CEF2000104200860D6
:10FD300001208DF80F00FFE79DF80F0004B0704719
:10FD400010B541F22401C2F200014FF6B950C0F6DD
:10FD5000000048604FF68D70C0F6000008604FF656
:10FD60008D30C0F6000088604FF61540C0F60000E8
:10FD7000C8604FF6F560C0F6000008614FF66D6090
:10FD8000C0F600004861002081F8C00008684A6899
:10FD90008B68D1F80CC0D1F810E04C6941F2E45105
:10FDA000C2F200014C61C1F810E0C1F80CC08B60D8
:10FDB0004A60086010BD000080B582B000208DF858
:10FDC0000700FFE79DF8070041F22401C2F200019D
:10FDD00091F8C010884246DAFFE79DF8070000EB73
:10FDE000400141F22400C2F2000000EB8100808B50
:10FDF00090BBFFE79DF8070000EB400141F22400B3
:10FE0000C2F2000000EB810090F82000012823D00E
:10FE1000FFE79DF8070000EB400141F22400C2F229
:10FE20000000183000EB8102D18891809DF8071006
:10FE300001EB410150F8210068B1FFE79DF8070090
:10FE400000EB400141F22400C2F2000000EB81000F
:10FE500080698047FFE7FFE7FFE79DF80700013073
:10FE60008DF80700AEE702B080BD000083B00190BE
:10FE70008DF8031000208DF80200FFE79DF80200C6
:10FE800041F22401C2F2000191F8C010884228DA40
:10FE9000FFE79DF8020000EB400141F22400C2F2AE
:10FEA000000000EB810080690199884212D1FFE7D0
:10FEB0009DF803009DF8021001EB410241F224017C
:10FEC000C2F2000101EB820181F8200000208DF8D0
:10FED0000B000AE0FFE79DF8020001308DF80200F8
:10FEE000CCE701208DF80B00FFE79DF80B0003B075
:10FEF0007047000083B00190ADF8021000208DF82B
:10FF00000100FFE79DF8010041F22401C2F2000167
:10FF100091F8C010884231DAFFE79DF8010000EB4C
:10FF2000400141F22400C2F2000000EB8100806930
:10FF3000019988421BD1FFE7BDF802009DF801102E
:10FF400001EB410241F22401C2F20001183101EB40
:10FF500082029080BDF802009DF8012002EB42026F
:10FF600001EB8201C88000208DF80B000AE0FFE75A
:10FF70009DF8010001308DF80100C3E701208DF8E4
:10FF80000B00FFE79DF80B0003B0704781B0002025
:10FF90008DF80300FFE79DF8030041F22401C2F24F
:10FFA000000191F8C010884223DAFFE79DF80300B2
:10FFB00000EB400141F22400C2F2000000EB81009E
:10FFC000808B01280EDBFFE79DF8030000EB40016A
:10FFD00041F22400C2F2000000EB8101888B01385D
:10FFE0008883FFE7FFE79DF8030001308DF80300E9
:10FFF000D1E701B07047000080B582B040F6004004
:020000040801F1
:10000000C4F2010001904FF41261FCF7A7FA0198C5
:100010004FF43671FCF798FA02B080BD80B584B019
:10002000FDF7DAF8039003984DF68361C4F21B31B3
:10003000A0FB0110800C40F2E011C2F20001086048
:10004000039844F6D351C1F26201A0FB011080096C
:1000500040F2DC11C2F200010860FDF799F802904D
:1000600000200190FFE70198011D019108BBFFE707
:10007000FCF722FA40F65032C2F20002C2E9000157
:10008000FFE7BFF34F8FBFF36F8FFFE7FCF714FA63
:1000900040F65031C2F20001D1E90012401A40F698
:1000A0005831C2F200010860FFE70298FDF782F9BB
:1000B000D9E704B080BD000081B00090009840688E
:1000C00080B201B07047000082B00190ADF802101C
:1000D000BDF802006FF35F200199486002B07047DD
:1000E00082B001908DF803109DF803200199C86833
:1000F00002F0010220F4005040EA4230C86002B031
:100100007047000082B0019000919DF800008006C9
:1001100028B1FFE7019800680198406804E0009862
:10012000C04301990860FFE702B0704783B00190B7
:100130000091019800680099084204D0FFE701206F
:100140008DF80B0003E000208DF80B00FFE79DF811
:100150000B0003B07047000082B001908DF80310CF
:100160009DF8030058B9FFE70199486920F48070B1
:1001700048610199486920F40070486132E09DF8B7
:10018000030001280BD1FFE70199486940F4807012
:1001900048610199486920F40070486121E09DF8A8
:1001A000030002280BD1FFE70199486920F4807011
:1001B00048610199486940F40070486110E09DF879
:1001C000030003280BD1FFE70199486940F48070D0
:1001D00048610199486940F400704861FFE7FFE712
:1001E000FFE7FFE702B0704780B58AB00990089139
:1001F0008DF81F208DF81E3002A8F9F7FBFB099837
:1002000043F60001C4F20101884203D1FFE70498DC
:10021000019002E005980190FFE7019800EB800053
:1002200040000899B0FBF1F0009000984CF6CD41E9
:10023000CCF6CC41A0FB0121C90801EB8101A0EB68
:10024000410004280AD8FFE700984CF6CD41CCF6CF
:10025000CC41A0FB0110C00800900BE000984CF6C8
:10026000CD41CCF6CC41A0FB0101012000EBD10037
:100270000090FFE7BDF80020099988684FF6FF73EA
:100280009843104488609DF81F200999C86802F0BF
:10029000010220F4805040EA0230C8609DF81E2020
:1002A0000999086902F0030220F4405040EA023044
:1002B00008610AB080BD000083B0029001918DF802
:1002C00003209DF8030001280CD1FFE7019800F0FE
:1002D0001F02012101FA02F30299020C8858184307
:1002E00088500BE0019800F01F02012101FA02F38F
:1002F0000299020C885898438850FFE703B0704772
:1003000082B001908DF803109DF8030058B9FFE703
:100310000199C86820F40070C8600199C86820F489
:100320008060C86021E09DF8030001280BD1FFE741
:100330000199C86820F40070C8600199C86840F449
:100340008060C86010E09DF8030002280BD1FFE731
:100350000199C86840F40070C8600199C86840F409
:100360008060C860FFE7FFE7FFE702B0704700006A
:1003700080B586B08DF8150004910020ADF80E0010
:100380009DF8150030B9FFE741F27050C2F200004D
:1003900002902FE09DF81500012806D1FFE741F2F9
:1003A0009450C2F20000029023E09DF8150002284C
:1003B00006D1FFE741F2B850C2F20000029017E008
:1003C0009DF81500032806D1FFE741F22850C2F23C
:1003D000000002900BE09DF81500042806D1FFE70D
:1003E00041F24C50C2F200000290FFE7FFE7FFE746
:1003F000FFE7FFE70298407B022805D0FFE7BDF842
:100400000E00ADF8160021E0FFE702980499FDF711
:100410002BF88DF807009DF8070048B9FFE7BDF8F5
:100420000E000130ADF80E00049801300490FFE793
:10043000FFE79DF807000228E7D1FFE702990020B7
:100440004873BDF80E00ADF81600FFE7BDF81600C2
:1004500006B080BD82B001908DF803109DF8032096
:100460000199C86802F0010220F0040040EA82000D
:10047000C86002B07047000080B586B08DF81500E6
:100480000491ADF80E200020ADF80600ADF8040090
:100490009DF8150030B9FFE741F27050C2F200003C
:1004A00002902FE09DF81500012806D1FFE741F2E8
:1004B0009450C2F20000029023E09DF8150002283B
:1004C00006D1FFE741F2B850C2F20000029017E0F7
:1004D0009DF81500032806D1FFE741F22850C2F22B
:1004E000000002900BE09DF81500042806D1FFE7FC
:1004F00041F24C50C2F200000290FFE7FFE7FFE735
:10050000FFE7FFE70020ADF80400FFE7BDF80400B7
:10051000BDF80E10884216DAFFE7029810300499F1
:10052000BDF80420895CFCF7C3FF28B1FFE7BDF8E4
:100530000400ADF8160024E0FFE7BDF80400013028
:10054000ADF80400E2E70298407F012805D1FFE7FB
:10055000BDF80400ADF8160013E0029810300DF15C
:100560000301FCF781FF0298006A9DF80310FFF772
:10057000ABFD029901204877BDF80400ADF81600E4
:10058000FFE7BDF8160006B080BD000082B0019004
:100590008DF803109DF803200199C86802F001024C
:1005A00020F0080040EAC200C86002B070470000B6
:1005B00043F20001C4F200014AF6AA200860704725
:1005C00081B08DF803009DF8032043F20401C4F2CA
:1005D0000001086862F30200086001B07047000083
:1005E00081B08DF803009DF8030038B9FFE743F2AE
:1005F0000001C4F200010020086007E043F200019E
:10060000C4F2000145F255500860FFE701B07047A1
:1006100081B0ADF80200BDF8020043F20801C4F257
:100620000001086001B0704780B58CB00AA8039043
:10063000FBF79EFF0399032001908DF82E00022006
:100640000A9040F60000C4F201000290FBF7A4FFFC
:10065000019A029803998DF82E2004220A92FBF742
:100660009BFF019A029803998DF82E2008220A9286
:10067000FBF792FF01200790F9F7F6F80798F7F7D4
:100680006BFB09A80490F7F7DDF90499079800229D
:1006900006928DF824208DF825208DF826208DF8DF
:1006A000270042F20040C4F201000890F7F798F9E1
:1006B000079A0898072305931146F7F735FA059925
:1006C000079A0898F7F7EAFA06990898F7F720FBCF
:1006D00007990898F7F700FA0898F7F7C1F9FFE7C4
:1006E00042F20040C4F20100F7F7C4F908B1FFE795
:1006F000F6E742F20040C4F20100F7F7CFF9FFE756
:1007000042F20040C4F20100F7F7D2F908B1FFE766
:10071000F6E70CB080BD000080B582B04FF0FF302E
:10072000F9F752F800200190F9F758F841F6B75060
:10073000C0F2C140F9F766F80198F9F76DF8019831
:10074000F9F77EF8F9F736F802B080BD80B540F2CF
:100750000230C3F210000121FBF7DAFF80BD000078
:1007600080B588B00820C4F202000190FAF72CFA94
:1007700003A80290FAF7AEF9019802994FF480426B
:10078000ADF8142000228DF81B2001238DF81930BC
:100790008DF81A208DF818308DF81D208DF81C204A
:1007A000FAF7B2F908B080BD84B0039002910192CB
:1007B000ADF80230BDF80200039948600298039931
:1007C000886001980399C86004B0704710B592B072
:1007D00010A80F90FBF7CCFE0F99002007908DF822
:1007E00046004EF20400109004200D908DF8450054
:1007F00041F20000C4F201000B90FBF7CDFE079A16
:100800000D980F998DF84620812210928DF84500A1
:1008100040F60000C4F201000490FBF7BDFE07980B
:100820000F998DF8460020201090182000908DF828
:10083000450041F60040C4F201000690FBF7ACFE13
:10084000009A0498079B0F998DF846304FF49873DF
:1008500010938DF84520FBF79FFE009A079B0B989D
:100860000F998DF846304FF4787310938DF845202A
:10087000FBF792FE0098079A0F998DF846204FF2E9
:10088000030210928DF8450040F60040C4F20100CA
:100890000E90FBF781FE0B9841F619410191FBF791
:1008A00053FE0E9840F6F8310291FBF74DFE049886
:1008B0004FF418410391FBF747FE0698C0210591BC
:1008C000FBF742FE0D9941F20040C4F2010009908D
:1008D000FBF73AFE019BDDF81CC00B980D9A0F99AF
:1008E00002240A948DF847408DF844C04FF0100C54
:1008F000CDF820C08DF846C010938DF84520FBF749
:100900004BFE029BDDF820C00D9A0E980F99DDF882
:100910001CE08DF847408DF844E08DF846C01093F8
:100920008DF84520FBF738FE039B0498DDF820C0C6
:100930000D9A0F99DDF81CE08DF847408DF844E0E2
:100940008DF846C010938DF84520FBF725FE059BDA
:100950000698DDF820C00D9A0F99DDF81CE08DF89F
:1009600047408DF844E08DF846C010938DF845203F
:10097000FBF712FEDDF81CC0089B09980D9A0F9931
:10098000DDF828E08DF847E08DF844C08DF846305A
:1009900010928DF84520FBF7FFFD0A9B0B980D9AEE
:1009A0000F994FF0030CCDF830C08DF846C010936E
:1009B0008DF84520FBF7F0FD0C9B0D9A0E980F99D2
:1009C0008DF8463010928DF84520FBF7E5FD12B00A
:1009D00010BD000080B582B00320FCF725FBF6F7C0
:1009E00053FF002201921146F6F7FAF901466FF023
:1009F0000B00F6F759FFF6F747FF019A1146F6F795
:100A0000EFF901466FF00A00F6F74EFFF6F73CFFEC
:100A1000019A1146F6F7E4F901466FF00900F6F77E
:100A200043FFF6F731FF019A1146F6F7D9F901466F
:100A30006FF00400F6F738FFF6F726FF019A11462B
:100A4000F6F7CEF901466FF00300F6F72DFFF6F743
:100A50001BFF019A1146F6F7C3F901466FF001003A
:100A6000F6F722FFF6F710FF019A0F21F6F7B8F913
:100A700001464FF0FF30F6F717FF019A1C20114690
:100A8000FCF7B8FA019A1D201146FCF7B3FA019A57
:100A900025201146FCF7AEFA02B080BD80B582B0C9
:100AA0004FF4A01001210191F9F72EF901990620C8
:100AB000C0F21400F9F728F901994FF4C010F9F7C2
:100AC00023F901990220C0F21800F9F71DF90199E4
:100AD0000320C0F21800F9F717F901990420C0F2B9
:100AE0001800F9F711F901990520C0F21800F9F77B
:100AF0000BF901990720C0F21800F9F705F90199DF
:100B00000920C0F21800F9F7FFF801990E20C0F291
:100B10001800F9F7F9F801994FF4E010F9F7F4F833
:100B200001990120C0F21C00F9F7EEF801990320A9
:100B3000C0F21C00F9F7E8F802B080BD80B584B0BF
:100B4000F9F76EF942F20001C4F2020114200860C4
:100B500004200121F8F7FAFEFFE70120C0F224008B
:100B6000F9F780F8012801D0FFE7F6E701210846F0
:100B7000F8F7ECFEFFE7F9F795F808B9FFE7FAE7B1
:100B800000200121F8F7E2FEFFE70120F9F76AF8FB
:100B9000012801D0FFE7F8E7482101220392022350
:100BA00002931046F9F7DAF802980399F8F7CEFEA7
:100BB000FFE71920F9F756F8012801D0FFE7F8E719
:100BC0000020F8F76BFE04200190F8F78FFE0198E3
:100BD000F8F778FE0120F8F79DFE0220F9F76EF98C
:100BE000FFE7F9F78FF9022801D0FFE7F9E70020C6
:100BF000F8F790FEFEF7E0FB04B080BD80B500F092
:100C000001F880BD41F2DC51C2F2000108680130F8
:100C10000860704780B588B000200190029003A85A
:100C2000F8F7E8FE01980499C9080291FEF7DEFC86
:100C30000198029944F6D352C1F26202A1FB02125A
:100C40004FF0FF3101EB92114EF21402CEF200028E
:100C500011604EF21801CEF2000108604EF2100150
:100C6000CEF20001086840F00300086008B080BDC3
:100C700080B58AB008A80090FBF77AFC00994FF481
:100C80008060089008208DF82600002002908DF8E2
:100C90002400042001908DF82500022004908DF896
:100CA000270040F60040C4F20100FBF775FC40F25B
:100CB0000230C2F2044001210591FBF729FD02999F
:100CC0004FF080400390FEF70DFD02990398FEF768
:100CD000F7FC02990398FEF723FF0398FF211322E4
:100CE000FEF7B2FC02990398FEF73EFF02990398C3
:100CF000FEF728FF0199029A0398059B4FF0060C16
:100D00008DF819C08DF81E308DF81F208DF81C202D
:100D10008DF81D208DF81A208DF81B200DF1190279
:100D2000FEF7A8FD0199029A0398FEF79FFC01992E
:100D3000029A0398FEF754FD0199029A0398FEF770
:100D4000A5FE03980599FEF7DFFC03980499059A20
:100D5000FEF70AFD0AB080BD80B58AB008A80190F0
:100D6000FBF706FC01994020089008208DF826002A
:100D7000002003908DF8240004208DF82500022027
:100D800002908DF8270040F60000C4F20100FBF746
:100D900003FC039940F20040C4F200000490FEF707
:100DA000A1FC02990498FEF78BFC03990498FEF7C6
:100DB000B7FE04984EF65F219522FEF745FC039995
:100DC0000498FEF7D1FE03990498FEF7BBFE039941
:100DD000049806228DF81920012205928DF81E2014
:100DE0008DF81F108DF81C108DF81D108DF81A103D
:100DF0008DF81B100DF11902FEF73CFD039A0498C3
:100E00001146FEF733FC039A04981146FEF7E8FCFE
:100E100003990498059AFEF739FE04980599FEF7A0
:100E200073FC0498059A1146FEF79EFC0AB080BD3B
:100E300080B588B006A80090FBF79AFB00991020B7
:100E4000069008208DF81E00002001908DF81C00EF
:100E500004208DF81D0002208DF81F0041F600408F
:100E6000C4F20100FBF798FB40F20130C2F21040DF
:100E700001210391FBF74CFC019940F60040C4F2BC
:100E800000000290FEF72EFC01990298FEF718FC74
:100E900001990298FEF744FE029842F20F7140F267
:100EA0001F12FEF7D1FB01990298FEF75DFE019932
:100EB0000298FEF747FE01990298039A07238DF8DE
:100EC00011308DF816208DF817108DF814108DF84C
:100ED00015108DF812108DF813100DF11102FEF798
:100EE000C9FC019A02981146FEF7C0FB019A0298CC
:100EF0001146FEF775FC019A02981146FEF7C6FDF1
:100F000002980399FEF700FC0298039A1146FEF737
:100F10002BFC08B080BD000080B58AB008A8049002
:100F2000FBF726FB0499022001908DF82700002092
:100F300005908DF8240008208DF826004FF40070ED
:100F40000890042002908DF8250040F60000C4F2BD
:100F500001000390FBF720FBDDF804C0029A039820
:100F60000499059B8DF827C08DF824308DF8263024
:100F70004FF4806308938DF82520FBF70DFB059B4C
:100F800043F60000C4F2010006904FF4E1311A4626
:100F9000FFF72AF9069801210791FFF7F7FA06985B
:100FA0000799FFF757FA05990698FFF7A9F90599E8
:100FB0000698FFF7D1F80698079A0521C0F20C01B0
:100FC000FFF77AF90698079A0621C0F20C01FFF79D
:100FD00073F906980799FFF783F80AB080BD0000FF
:100FE00080B50120FFF7FCFA0020FFF7E9FA632043
:100FF000FFF70EFBFFF7DCFA80BD000080B582B082
:1010000040F60040C4F2010001904FF42061FBF76C
:10101000A5FA01984FF4FC71FBF796FA02B080BD77
:1010200002E008C8121F08C1002AFAD170477047B1
:10103000002001E001C1121F002AFBD1704700000F
:101040000100010140000000800B0020800F002003
:10105000001000200300000002040608020C081023
:10106000000000000102030400000000010203046C
:101070000000000000000000010203040607080948
:1010800062656570000000000000000000010203BE
:101090000406070809000000C01001080000002035
:1010A00080020000E04A00080012010880020020CF
:1010B0008017000030100108DD68FFFF000000000D
:1010C00023646423E8031A0106420A13127A17FD07
:1010D0000F010865D01408F9FF140825F614083923
:1010E000B31C0805B11012D51B08D504131DAD148F
:1010F00008BDCF1408814C140811561408F55F146C
:1011000008FD6C1B089914131DD61408B96E140839
:101110006D901B0841281AE1141BFDD40409515499
:10112000114510014040140C014032801910111279
:101130004013040512FA1A3202C20FA20123B88822
:101140005B8813305A020829203A080859400A17C8
:10115000964032041A2C104B102708290412043D23
:10116000010203041B51320A1AADE4A910DADD10A2
:10117000CB0DB410CBA1C110DAD1101301C24C08B1
:101180001615012B1414051A1301381A1211111017
:10119000100F0E0D0C0B0B080909080C0F11151878
:1011A0001A1C21023CB329042D80100108E813CD3C
:1011B0008F1B08B904111A0CE83220290832101DBF
:1011C00010014080C3091EF81A146339012B0A0A62
:1011D000051A090100182A08070706060504030274
:1011E00001EDFEFFFFFE0205070B0E1012170000B7
:1011F00000000000000000000000000000000000EF
:04000005080041713D
:00000001FF
